comparison,n_before,n_after,diff,p_value,supplied_n_before,supplied_n_after,supplied_diff,supplied_p_value,in_deck,count_matches,diff_matches_rounded,p_matches_rounded,reproduction_status,quantity_status,p_adjusted_holm,supplied_p_adjusted_holm,n_before_number_id,n_after_number_id,diff_number_id,p_value_number_id,supplied_n_before_number_id,supplied_n_after_number_id,supplied_diff_number_id,supplied_p_value_number_id,p_adjusted_holm_number_id,supplied_p_adjusted_holm_number_id
service:A-NEURO,1513,335,0.010137021436110921,0.6324690037810812,1432,441,-0.0015,0.9301,False,False,False,False,unreproduced,unreproduced,1.0,1.0,N-LEGACY51-0001-N_BEFORE,N-LEGACY51-0001-N_AFTER,N-LEGACY51-0001-DIFF,N-LEGACY51-0001-P_VALUE,N-LEGACY51-0001-SUPPLIED_N_BEFORE,N-LEGACY51-0001-SUPPLIED_N_AFTER,N-LEGACY51-0001-SUPPLIED_DIFF,N-LEGACY51-0001-SUPPLIED_P_VALUE,N-LEGACY51-0001-P_ADJUSTED_HOLM,N-LEGACY51-0001-SUPPLIED_P_ADJUSTED_HOLM
service:B-THOR,1181,304,-0.06971957306475333,0.0024537113693806844,1120,353,-0.0565,0.0012,False,False,False,False,unreproduced,unreproduced,0.1188452142286298,0.05519999999999999,N-LEGACY51-0002-N_BEFORE,N-LEGACY51-0002-N_AFTER,N-LEGACY51-0002-DIFF,N-LEGACY51-0002-P_VALUE,N-LEGACY51-0002-SUPPLIED_N_BEFORE,N-LEGACY51-0002-SUPPLIED_N_AFTER,N-LEGACY51-0002-SUPPLIED_DIFF,N-LEGACY51-0002-SUPPLIED_P_VALUE,N-LEGACY51-0002-P_ADJUSTED_HOLM,N-LEGACY51-0002-SUPPLIED_P_ADJUSTED_HOLM
service:A-ORTH,1431,392,-0.01231299647741696,0.5559289358146313,1371,477,-0.0191,0.2769,False,False,False,False,unreproduced,unreproduced,1.0,1.0,N-LEGACY51-0003-N_BEFORE,N-LEGACY51-0003-N_AFTER,N-LEGACY51-0003-DIFF,N-LEGACY51-0003-P_VALUE,N-LEGACY51-0003-SUPPLIED_N_BEFORE,N-LEGACY51-0003-SUPPLIED_N_AFTER,N-LEGACY51-0003-SUPPLIED_DIFF,N-LEGACY51-0003-SUPPLIED_P_VALUE,N-LEGACY51-0003-P_ADJUSTED_HOLM,N-LEGACY51-0003-SUPPLIED_P_ADJUSTED_HOLM
service:A-GEN,1408,171,-0.028546152312599687,0.23067151947633832,1335,190,-0.0321,0.0368,False,False,False,False,unreproduced,unreproduced,1.0,1.0,N-LEGACY51-0004-N_BEFORE,N-LEGACY51-0004-N_AFTER,N-LEGACY51-0004-DIFF,N-LEGACY51-0004-P_VALUE,N-LEGACY51-0004-SUPPLIED_N_BEFORE,N-LEGACY51-0004-SUPPLIED_N_AFTER,N-LEGACY51-0004-SUPPLIED_DIFF,N-LEGACY51-0004-SUPPLIED_P_VALUE,N-LEGACY51-0004-P_ADJUSTED_HOLM,N-LEGACY51-0004-SUPPLIED_P_ADJUSTED_HOLM
service:A-OPHT,1482,381,0.0019020901739509322,0.9193659759094843,1396,471,0.0037,0.8201,False,False,False,False,unreproduced,unreproduced,1.0,1.0,N-LEGACY51-0005-N_BEFORE,N-LEGACY51-0005-N_AFTER,N-LEGACY51-0005-DIFF,N-LEGACY51-0005-P_VALUE,N-LEGACY51-0005-SUPPLIED_N_BEFORE,N-LEGACY51-0005-SUPPLIED_N_AFTER,N-LEGACY51-0005-SUPPLIED_DIFF,N-LEGACY51-0005-SUPPLIED_P_VALUE,N-LEGACY51-0005-P_ADJUSTED_HOLM,N-LEGACY51-0005-SUPPLIED_P_ADJUSTED_HOLM
service:A-PAED,1493,1210,-0.02093018106535735,0.056663645194200814,1408,1526,-0.017,0.0507,False,False,False,False,unreproduced,unreproduced,1.0,1.0,N-LEGACY51-0006-N_BEFORE,N-LEGACY51-0006-N_AFTER,N-LEGACY51-0006-DIFF,N-LEGACY51-0006-P_VALUE,N-LEGACY51-0006-SUPPLIED_N_BEFORE,N-LEGACY51-0006-SUPPLIED_N_AFTER,N-LEGACY51-0006-SUPPLIED_DIFF,N-LEGACY51-0006-SUPPLIED_P_VALUE,N-LEGACY51-0006-P_ADJUSTED_HOLM,N-LEGACY51-0006-SUPPLIED_P_ADJUSTED_HOLM
service:B-VASC,1211,289,-0.03928521425571249,0.039758174834915026,1136,354,-0.0392,0.0015,False,False,False,False,unreproduced,unreproduced,1.0,0.066,N-LEGACY51-0007-N_BEFORE,N-LEGACY51-0007-N_AFTER,N-LEGACY51-0007-DIFF,N-LEGACY51-0007-P_VALUE,N-LEGACY51-0007-SUPPLIED_N_BEFORE,N-LEGACY51-0007-SUPPLIED_N_AFTER,N-LEGACY51-0007-SUPPLIED_DIFF,N-LEGACY51-0007-SUPPLIED_P_VALUE,N-LEGACY51-0007-P_ADJUSTED_HOLM,N-LEGACY51-0007-SUPPLIED_P_ADJUSTED_HOLM
service:A-CARD,1495,366,-0.020635268746459046,0.32232530529154235,1422,460,-0.0104,0.5598,False,False,False,False,unreproduced,unreproduced,1.0,1.0,N-LEGACY51-0008-N_BEFORE,N-LEGACY51-0008-N_AFTER,N-LEGACY51-0008-DIFF,N-LEGACY51-0008-P_VALUE,N-LEGACY51-0008-SUPPLIED_N_BEFORE,N-LEGACY51-0008-SUPPLIED_N_AFTER,N-LEGACY51-0008-SUPPLIED_DIFF,N-LEGACY51-0008-SUPPLIED_P_VALUE,N-LEGACY51-0008-P_ADJUSTED_HOLM,N-LEGACY51-0008-SUPPLIED_P_ADJUSTED_HOLM
service:B-PAED,1200,293,-0.029516496018202512,0.157018174501346,1120,355,-0.0323,0.0485,False,False,False,False,unreproduced,unreproduced,1.0,1.0,N-LEGACY51-0009-N_BEFORE,N-LEGACY51-0009-N_AFTER,N-LEGACY51-0009-DIFF,N-LEGACY51-0009-P_VALUE,N-LEGACY51-0009-SUPPLIED_N_BEFORE,N-LEGACY51-0009-SUPPLIED_N_AFTER,N-LEGACY51-0009-SUPPLIED_DIFF,N-LEGACY51-0009-SUPPLIED_P_VALUE,N-LEGACY51-0009-P_ADJUSTED_HOLM,N-LEGACY51-0009-SUPPLIED_P_ADJUSTED_HOLM
service:A-PLAS,1478,171,-0.014010556386455542,0.5733246876761255,1396,198,-0.034,0.0491,False,False,False,False,unreproduced,unreproduced,1.0,1.0,N-LEGACY51-0010-N_BEFORE,N-LEGACY51-0010-N_AFTER,N-LEGACY51-0010-DIFF,N-LEGACY51-0010-P_VALUE,N-LEGACY51-0010-SUPPLIED_N_BEFORE,N-LEGACY51-0010-SUPPLIED_N_AFTER,N-LEGACY51-0010-SUPPLIED_DIFF,N-LEGACY51-0010-SUPPLIED_P_VALUE,N-LEGACY51-0010-P_ADJUSTED_HOLM,N-LEGACY51-0010-SUPPLIED_P_ADJUSTED_HOLM
service:A-VASC,1436,170,-0.02875634933639193,0.26451451883222965,1371,194,-0.027,0.1972,False,False,False,False,unreproduced,unreproduced,1.0,1.0,N-LEGACY51-0011-N_BEFORE,N-LEGACY51-0011-N_AFTER,N-LEGACY51-0011-DIFF,N-LEGACY51-0011-P_VALUE,N-LEGACY51-0011-SUPPLIED_N_BEFORE,N-LEGACY51-0011-SUPPLIED_N_AFTER,N-LEGACY51-0011-SUPPLIED_DIFF,N-LEGACY51-0011-SUPPLIED_P_VALUE,N-LEGACY51-0011-P_ADJUSTED_HOLM,N-LEGACY51-0011-SUPPLIED_P_ADJUSTED_HOLM
service:B-ORTH,1185,318,-0.003471061221240357,0.8433521671156509,1119,394,-0.0091,0.4883,False,False,False,False,unreproduced,unreproduced,1.0,1.0,N-LEGACY51-0012-N_BEFORE,N-LEGACY51-0012-N_AFTER,N-LEGACY51-0012-DIFF,N-LEGACY51-0012-P_VALUE,N-LEGACY51-0012-SUPPLIED_N_BEFORE,N-LEGACY51-0012-SUPPLIED_N_AFTER,N-LEGACY51-0012-SUPPLIED_DIFF,N-LEGACY51-0012-SUPPLIED_P_VALUE,N-LEGACY51-0012-P_ADJUSTED_HOLM,N-LEGACY51-0012-SUPPLIED_P_ADJUSTED_HOLM
service:A-THOR,1464,402,0.02786273550281379,0.14425461531531825,1377,484,0.014,0.4002,False,False,False,False,unreproduced,unreproduced,1.0,1.0,N-LEGACY51-0013-N_BEFORE,N-LEGACY51-0013-N_AFTER,N-LEGACY51-0013-DIFF,N-LEGACY51-0013-P_VALUE,N-LEGACY51-0013-SUPPLIED_N_BEFORE,N-LEGACY51-0013-SUPPLIED_N_AFTER,N-LEGACY51-0013-SUPPLIED_DIFF,N-LEGACY51-0013-SUPPLIED_P_VALUE,N-LEGACY51-0013-P_ADJUSTED_HOLM,N-LEGACY51-0013-SUPPLIED_P_ADJUSTED_HOLM
service:B-OPHT,1126,329,-0.007018415241838397,0.7085026809467929,1074,393,-0.0144,0.3235,False,False,False,False,unreproduced,unreproduced,1.0,1.0,N-LEGACY51-0014-N_BEFORE,N-LEGACY51-0014-N_AFTER,N-LEGACY51-0014-DIFF,N-LEGACY51-0014-P_VALUE,N-LEGACY51-0014-SUPPLIED_N_BEFORE,N-LEGACY51-0014-SUPPLIED_N_AFTER,N-LEGACY51-0014-SUPPLIED_DIFF,N-LEGACY51-0014-SUPPLIED_P_VALUE,N-LEGACY51-0014-P_ADJUSTED_HOLM,N-LEGACY51-0014-SUPPLIED_P_ADJUSTED_HOLM
service:B-GEN,1149,301,-0.007942772712946994,0.720338549155442,1075,358,0.0038,0.8465,False,False,False,False,unreproduced,unreproduced,1.0,1.0,N-LEGACY51-0015-N_BEFORE,N-LEGACY51-0015-N_AFTER,N-LEGACY51-0015-DIFF,N-LEGACY51-0015-P_VALUE,N-LEGACY51-0015-SUPPLIED_N_BEFORE,N-LEGACY51-0015-SUPPLIED_N_AFTER,N-LEGACY51-0015-SUPPLIED_DIFF,N-LEGACY51-0015-SUPPLIED_P_VALUE,N-LEGACY51-0015-P_ADJUSTED_HOLM,N-LEGACY51-0015-SUPPLIED_P_ADJUSTED_HOLM
service:B-URO,1297,304,-0.03392951345209594,0.10880266758878754,1208,372,-0.0512,0.0014,False,False,False,False,unreproduced,unreproduced,1.0,0.063,N-LEGACY51-0016-N_BEFORE,N-LEGACY51-0016-N_AFTER,N-LEGACY51-0016-DIFF,N-LEGACY51-0016-P_VALUE,N-LEGACY51-0016-SUPPLIED_N_BEFORE,N-LEGACY51-0016-SUPPLIED_N_AFTER,N-LEGACY51-0016-SUPPLIED_DIFF,N-LEGACY51-0016-SUPPLIED_P_VALUE,N-LEGACY51-0016-P_ADJUSTED_HOLM,N-LEGACY51-0016-SUPPLIED_P_ADJUSTED_HOLM
service:B-ENT,1130,305,-0.003220658639199181,0.8957945158653979,1082,359,0.0007,0.974,False,False,False,False,unreproduced,unreproduced,1.0,1.0,N-LEGACY51-0017-N_BEFORE,N-LEGACY51-0017-N_AFTER,N-LEGACY51-0017-DIFF,N-LEGACY51-0017-P_VALUE,N-LEGACY51-0017-SUPPLIED_N_BEFORE,N-LEGACY51-0017-SUPPLIED_N_AFTER,N-LEGACY51-0017-SUPPLIED_DIFF,N-LEGACY51-0017-SUPPLIED_P_VALUE,N-LEGACY51-0017-P_ADJUSTED_HOLM,N-LEGACY51-0017-SUPPLIED_P_ADJUSTED_HOLM
service:B-NEURO,1224,336,-0.03904061624649861,0.05848493162116804,1156,376,-0.0414,0.012,False,False,False,False,unreproduced,unreproduced,1.0,0.444,N-LEGACY51-0018-N_BEFORE,N-LEGACY51-0018-N_AFTER,N-LEGACY51-0018-DIFF,N-LEGACY51-0018-P_VALUE,N-LEGACY51-0018-SUPPLIED_N_BEFORE,N-LEGACY51-0018-SUPPLIED_N_AFTER,N-LEGACY51-0018-SUPPLIED_DIFF,N-LEGACY51-0018-SUPPLIED_P_VALUE,N-LEGACY51-0018-P_ADJUSTED_HOLM,N-LEGACY51-0018-SUPPLIED_P_ADJUSTED_HOLM
service:B-GYN,1182,294,-0.03508408439517939,0.0933917926129354,1123,354,-0.0228,0.1972,False,False,False,False,unreproduced,unreproduced,1.0,1.0,N-LEGACY51-0019-N_BEFORE,N-LEGACY51-0019-N_AFTER,N-LEGACY51-0019-DIFF,N-LEGACY51-0019-P_VALUE,N-LEGACY51-0019-SUPPLIED_N_BEFORE,N-LEGACY51-0019-SUPPLIED_N_AFTER,N-LEGACY51-0019-SUPPLIED_DIFF,N-LEGACY51-0019-SUPPLIED_P_VALUE,N-LEGACY51-0019-P_ADJUSTED_HOLM,N-LEGACY51-0019-SUPPLIED_P_ADJUSTED_HOLM
service:B-CARD,1195,349,-0.031221301746772,0.1272893663308556,1126,404,0.0005,0.9787,False,False,False,False,unreproduced,unreproduced,1.0,1.0,N-LEGACY51-0020-N_BEFORE,N-LEGACY51-0020-N_AFTER,N-LEGACY51-0020-DIFF,N-LEGACY51-0020-P_VALUE,N-LEGACY51-0020-SUPPLIED_N_BEFORE,N-LEGACY51-0020-SUPPLIED_N_AFTER,N-LEGACY51-0020-SUPPLIED_DIFF,N-LEGACY51-0020-SUPPLIED_P_VALUE,N-LEGACY51-0020-P_ADJUSTED_HOLM,N-LEGACY51-0020-SUPPLIED_P_ADJUSTED_HOLM
service:A-URO,1420,375,-0.012948356807511732,0.5038226744097445,1337,454,-0.0066,0.703,False,False,False,False,unreproduced,unreproduced,1.0,1.0,N-LEGACY51-0021-N_BEFORE,N-LEGACY51-0021-N_AFTER,N-LEGACY51-0021-DIFF,N-LEGACY51-0021-P_VALUE,N-LEGACY51-0021-SUPPLIED_N_BEFORE,N-LEGACY51-0021-SUPPLIED_N_AFTER,N-LEGACY51-0021-SUPPLIED_DIFF,N-LEGACY51-0021-SUPPLIED_P_VALUE,N-LEGACY51-0021-P_ADJUSTED_HOLM,N-LEGACY51-0021-SUPPLIED_P_ADJUSTED_HOLM
service:A-GYN,1463,152,-0.02511961722488039,0.29946594236465995,1394,184,-0.0269,0.0647,False,False,False,False,unreproduced,unreproduced,1.0,1.0,N-LEGACY51-0022-N_BEFORE,N-LEGACY51-0022-N_AFTER,N-LEGACY51-0022-DIFF,N-LEGACY51-0022-P_VALUE,N-LEGACY51-0022-SUPPLIED_N_BEFORE,N-LEGACY51-0022-SUPPLIED_N_AFTER,N-LEGACY51-0022-SUPPLIED_DIFF,N-LEGACY51-0022-SUPPLIED_P_VALUE,N-LEGACY51-0022-P_ADJUSTED_HOLM,N-LEGACY51-0022-SUPPLIED_P_ADJUSTED_HOLM
service:A-ENT,1392,411,0.007613893783035508,0.6980542629796485,1312,480,0.0097,0.5819,False,False,False,False,unreproduced,unreproduced,1.0,1.0,N-LEGACY51-0023-N_BEFORE,N-LEGACY51-0023-N_AFTER,N-LEGACY51-0023-DIFF,N-LEGACY51-0023-P_VALUE,N-LEGACY51-0023-SUPPLIED_N_BEFORE,N-LEGACY51-0023-SUPPLIED_N_AFTER,N-LEGACY51-0023-SUPPLIED_DIFF,N-LEGACY51-0023-SUPPLIED_P_VALUE,N-LEGACY51-0023-P_ADJUSTED_HOLM,N-LEGACY51-0023-SUPPLIED_P_ADJUSTED_HOLM
service:B-PLAS,1179,319,0.005432051496805396,0.807524372140549,1125,354,0.0233,0.272,False,False,False,False,unreproduced,unreproduced,1.0,1.0,N-LEGACY51-0024-N_BEFORE,N-LEGACY51-0024-N_AFTER,N-LEGACY51-0024-DIFF,N-LEGACY51-0024-P_VALUE,N-LEGACY51-0024-SUPPLIED_N_BEFORE,N-LEGACY51-0024-SUPPLIED_N_AFTER,N-LEGACY51-0024-SUPPLIED_DIFF,N-LEGACY51-0024-SUPPLIED_P_VALUE,N-LEGACY51-0024-P_ADJUSTED_HOLM,N-LEGACY51-0024-SUPPLIED_P_ADJUSTED_HOLM
site:A,17475,4536,-0.009759406862411155,0.07370995299984208,16551,5559,-0.0117,0.0088,False,False,False,False,unreproduced,unreproduced,1.0,0.35200000000000004,N-LEGACY51-0025-N_BEFORE,N-LEGACY51-0025-N_AFTER,N-LEGACY51-0025-DIFF,N-LEGACY51-0025-P_VALUE,N-LEGACY51-0025-SUPPLIED_N_BEFORE,N-LEGACY51-0025-SUPPLIED_N_AFTER,N-LEGACY51-0025-SUPPLIED_DIFF,N-LEGACY51-0025-SUPPLIED_P_VALUE,N-LEGACY51-0025-P_ADJUSTED_HOLM,N-LEGACY51-0025-SUPPLIED_P_ADJUSTED_HOLM
site:A|sex:F,8723,2260,-0.008748208124386841,0.26184034521399957,8271,2776,-0.0088,0.1656,False,False,False,False,unreproduced,unreproduced,1.0,1.0,N-LEGACY51-0026-N_BEFORE,N-LEGACY51-0026-N_AFTER,N-LEGACY51-0026-DIFF,N-LEGACY51-0026-P_VALUE,N-LEGACY51-0026-SUPPLIED_N_BEFORE,N-LEGACY51-0026-SUPPLIED_N_AFTER,N-LEGACY51-0026-SUPPLIED_DIFF,N-LEGACY51-0026-SUPPLIED_P_VALUE,N-LEGACY51-0026-P_ADJUSTED_HOLM,N-LEGACY51-0026-SUPPLIED_P_ADJUSTED_HOLM
site:A|sex:M,8752,2276,-0.010755061158001941,0.15908639181762577,8280,2783,-0.0146,0.02,False,False,False,False,unreproduced,unreproduced,1.0,0.72,N-LEGACY51-0027-N_BEFORE,N-LEGACY51-0027-N_AFTER,N-LEGACY51-0027-DIFF,N-LEGACY51-0027-P_VALUE,N-LEGACY51-0027-SUPPLIED_N_BEFORE,N-LEGACY51-0027-SUPPLIED_N_AFTER,N-LEGACY51-0027-SUPPLIED_DIFF,N-LEGACY51-0027-SUPPLIED_P_VALUE,N-LEGACY51-0027-P_ADJUSTED_HOLM,N-LEGACY51-0027-SUPPLIED_P_ADJUSTED_HOLM
site:A|age<50,5344,1418,-0.004119933616546861,0.676928342379447,5053,1730,-0.0135,0.0955,False,False,False,False,unreproduced,unreproduced,1.0,1.0,N-LEGACY51-0028-N_BEFORE,N-LEGACY51-0028-N_AFTER,N-LEGACY51-0028-DIFF,N-LEGACY51-0028-P_VALUE,N-LEGACY51-0028-SUPPLIED_N_BEFORE,N-LEGACY51-0028-SUPPLIED_N_AFTER,N-LEGACY51-0028-SUPPLIED_DIFF,N-LEGACY51-0028-SUPPLIED_P_VALUE,N-LEGACY51-0028-P_ADJUSTED_HOLM,N-LEGACY51-0028-SUPPLIED_P_ADJUSTED_HOLM
site:A|age50-70,8525,2187,-0.007495531446148729,0.3395268280919153,7758,2601,-0.0063,0.3377,False,False,False,False,unreproduced,unreproduced,1.0,1.0,N-LEGACY51-0029-N_BEFORE,N-LEGACY51-0029-N_AFTER,N-LEGACY51-0029-DIFF,N-LEGACY51-0029-P_VALUE,N-LEGACY51-0029-SUPPLIED_N_BEFORE,N-LEGACY51-0029-SUPPLIED_N_AFTER,N-LEGACY51-0029-SUPPLIED_DIFF,N-LEGACY51-0029-SUPPLIED_P_VALUE,N-LEGACY51-0029-P_ADJUSTED_HOLM,N-LEGACY51-0029-SUPPLIED_P_ADJUSTED_HOLM
site:A|age>70,3606,931,-0.023755013871736633,0.044938581370305805,3740,1228,-0.0207,0.0237,False,False,False,False,unreproduced,unreproduced,1.0,0.8294999999999999,N-LEGACY51-0030-N_BEFORE,N-LEGACY51-0030-N_AFTER,N-LEGACY51-0030-DIFF,N-LEGACY51-0030-P_VALUE,N-LEGACY51-0030-SUPPLIED_N_BEFORE,N-LEGACY51-0030-SUPPLIED_N_AFTER,N-LEGACY51-0030-SUPPLIED_DIFF,N-LEGACY51-0030-SUPPLIED_P_VALUE,N-LEGACY51-0030-P_ADJUSTED_HOLM,N-LEGACY51-0030-SUPPLIED_P_ADJUSTED_HOLM
site:B,14259,3741,-0.024182309933207816,6.986481247322949e-05,13464,4426,-0.0202,0.0001,True,False,False,True,unreproduced,unreproduced,0.003563105436134704,0.0049,N-LEGACY51-0031-N_BEFORE,N-LEGACY51-0031-N_AFTER,N-LEGACY51-0031-DIFF,N-LEGACY51-0031-P_VALUE,N-LEGACY51-0031-SUPPLIED_N_BEFORE,N-LEGACY51-0031-SUPPLIED_N_AFTER,N-LEGACY51-0031-SUPPLIED_DIFF,N-LEGACY51-0031-SUPPLIED_P_VALUE,N-LEGACY51-0031-P_ADJUSTED_HOLM,N-LEGACY51-0031-SUPPLIED_P_ADJUSTED_HOLM
site:B|sex:F,7228,1882,-0.02308209836937121,0.007544747901682388,6797,2196,-0.0114,0.1225,False,False,False,False,unreproduced,unreproduced,0.3244241597723427,1.0,N-LEGACY51-0032-N_BEFORE,N-LEGACY51-0032-N_AFTER,N-LEGACY51-0032-DIFF,N-LEGACY51-0032-P_VALUE,N-LEGACY51-0032-SUPPLIED_N_BEFORE,N-LEGACY51-0032-SUPPLIED_N_AFTER,N-LEGACY51-0032-SUPPLIED_DIFF,N-LEGACY51-0032-SUPPLIED_P_VALUE,N-LEGACY51-0032-P_ADJUSTED_HOLM,N-LEGACY51-0032-SUPPLIED_P_ADJUSTED_HOLM
site:B|sex:M,7031,1859,-0.02526114083721602,0.00315695855411064,6667,2230,-0.0288,0.0,True,False,False,False,unreproduced,unreproduced,0.14196559612481963,0.0,N-LEGACY51-0033-N_BEFORE,N-LEGACY51-0033-N_AFTER,N-LEGACY51-0033-DIFF,N-LEGACY51-0033-P_VALUE,N-LEGACY51-0033-SUPPLIED_N_BEFORE,N-LEGACY51-0033-SUPPLIED_N_AFTER,N-LEGACY51-0033-SUPPLIED_DIFF,N-LEGACY51-0033-SUPPLIED_P_VALUE,N-LEGACY51-0033-P_ADJUSTED_HOLM,N-LEGACY51-0033-SUPPLIED_P_ADJUSTED_HOLM
site:B|age<50,4414,1148,-0.021851205145490507,0.04313822364379437,4162,1352,-0.0196,0.03,False,False,False,False,unreproduced,unreproduced,1.0,1.0,N-LEGACY51-0034-N_BEFORE,N-LEGACY51-0034-N_AFTER,N-LEGACY51-0034-DIFF,N-LEGACY51-0034-P_VALUE,N-LEGACY51-0034-SUPPLIED_N_BEFORE,N-LEGACY51-0034-SUPPLIED_N_AFTER,N-LEGACY51-0034-SUPPLIED_DIFF,N-LEGACY51-0034-SUPPLIED_P_VALUE,N-LEGACY51-0034-P_ADJUSTED_HOLM,N-LEGACY51-0034-SUPPLIED_P_ADJUSTED_HOLM
site:B|age50-70,6872,1821,-0.019541051591221034,0.027594037222212615,6234,2067,-0.0212,0.0045,False,False,False,False,unreproduced,unreproduced,1.0,0.18899999999999997,N-LEGACY51-0035-N_BEFORE,N-LEGACY51-0035-N_AFTER,N-LEGACY51-0035-DIFF,N-LEGACY51-0035-P_VALUE,N-LEGACY51-0035-SUPPLIED_N_BEFORE,N-LEGACY51-0035-SUPPLIED_N_AFTER,N-LEGACY51-0035-SUPPLIED_DIFF,N-LEGACY51-0035-SUPPLIED_P_VALUE,N-LEGACY51-0035-P_ADJUSTED_HOLM,N-LEGACY51-0035-SUPPLIED_P_ADJUSTED_HOLM
site:B|age>70,2973,772,-0.03877514208184542,0.0031547910249959915,3068,1007,-0.0189,0.0723,False,False,False,False,unreproduced,unreproduced,0.14196559612481963,1.0,N-LEGACY51-0036-N_BEFORE,N-LEGACY51-0036-N_AFTER,N-LEGACY51-0036-DIFF,N-LEGACY51-0036-P_VALUE,N-LEGACY51-0036-SUPPLIED_N_BEFORE,N-LEGACY51-0036-SUPPLIED_N_AFTER,N-LEGACY51-0036-SUPPLIED_DIFF,N-LEGACY51-0036-SUPPLIED_P_VALUE,N-LEGACY51-0036-P_ADJUSTED_HOLM,N-LEGACY51-0036-SUPPLIED_P_ADJUSTED_HOLM
ward:A-W1,4336,1138,0.0017396351467908466,0.8833498690640196,4115,1398,-0.0033,0.7462,False,False,False,False,unreproduced,unreproduced,1.0,1.0,N-LEGACY51-0037-N_BEFORE,N-LEGACY51-0037-N_AFTER,N-LEGACY51-0037-DIFF,N-LEGACY51-0037-P_VALUE,N-LEGACY51-0037-SUPPLIED_N_BEFORE,N-LEGACY51-0037-SUPPLIED_N_AFTER,N-LEGACY51-0037-SUPPLIED_DIFF,N-LEGACY51-0037-SUPPLIED_P_VALUE,N-LEGACY51-0037-P_ADJUSTED_HOLM,N-LEGACY51-0037-SUPPLIED_P_ADJUSTED_HOLM
ward:A-W2,2926,554,0.021283106025648285,0.14535206988981056,2771,668,0.0123,0.3185,False,False,False,False,unreproduced,unreproduced,1.0,1.0,N-LEGACY51-0038-N_BEFORE,N-LEGACY51-0038-N_AFTER,N-LEGACY51-0038-DIFF,N-LEGACY51-0038-P_VALUE,N-LEGACY51-0038-SUPPLIED_N_BEFORE,N-LEGACY51-0038-SUPPLIED_N_AFTER,N-LEGACY51-0038-SUPPLIED_DIFF,N-LEGACY51-0038-SUPPLIED_P_VALUE,N-LEGACY51-0038-P_ADJUSTED_HOLM,N-LEGACY51-0038-SUPPLIED_P_ADJUSTED_HOLM
ward:A-W3,8776,2674,-0.020898431773879816,0.00287095062520868,8294,3299,-0.02,0.0004,False,False,False,False,unreproduced,unreproduced,0.1320637287595993,0.0188,N-LEGACY51-0039-N_BEFORE,N-LEGACY51-0039-N_AFTER,N-LEGACY51-0039-DIFF,N-LEGACY51-0039-P_VALUE,N-LEGACY51-0039-SUPPLIED_N_BEFORE,N-LEGACY51-0039-SUPPLIED_N_AFTER,N-LEGACY51-0039-SUPPLIED_DIFF,N-LEGACY51-0039-SUPPLIED_P_VALUE,N-LEGACY51-0039-P_ADJUSTED_HOLM,N-LEGACY51-0039-SUPPLIED_P_ADJUSTED_HOLM
ward:A-W4,1436,170,-0.02875634933639193,0.26451451883222965,1371,194,-0.027,0.1972,False,False,False,False,unreproduced,unreproduced,1.0,1.0,N-LEGACY51-0040-N_BEFORE,N-LEGACY51-0040-N_AFTER,N-LEGACY51-0040-DIFF,N-LEGACY51-0040-P_VALUE,N-LEGACY51-0040-SUPPLIED_N_BEFORE,N-LEGACY51-0040-SUPPLIED_N_AFTER,N-LEGACY51-0040-SUPPLIED_DIFF,N-LEGACY51-0040-SUPPLIED_P_VALUE,N-LEGACY51-0040-P_ADJUSTED_HOLM,N-LEGACY51-0040-SUPPLIED_P_ADJUSTED_HOLM
ward:B-W1,3521,971,-0.022583053978614695,0.051300584159707834,3320,1152,-0.0149,0.125,False,False,False,False,unreproduced,unreproduced,1.0,1.0,N-LEGACY51-0041-N_BEFORE,N-LEGACY51-0041-N_AFTER,N-LEGACY51-0041-DIFF,N-LEGACY51-0041-P_VALUE,N-LEGACY51-0041-SUPPLIED_N_BEFORE,N-LEGACY51-0041-SUPPLIED_N_AFTER,N-LEGACY51-0041-SUPPLIED_DIFF,N-LEGACY51-0041-SUPPLIED_P_VALUE,N-LEGACY51-0041-P_ADJUSTED_HOLM,N-LEGACY51-0041-SUPPLIED_P_ADJUSTED_HOLM
ward:B-W2,3544,941,-0.02203181860707233,0.07106261282396407,3364,1101,-0.0156,0.123,False,False,False,False,unreproduced,unreproduced,1.0,1.0,N-LEGACY51-0042-N_BEFORE,N-LEGACY51-0042-N_AFTER,N-LEGACY51-0042-DIFF,N-LEGACY51-0042-P_VALUE,N-LEGACY51-0042-SUPPLIED_N_BEFORE,N-LEGACY51-0042-SUPPLIED_N_AFTER,N-LEGACY51-0042-SUPPLIED_DIFF,N-LEGACY51-0042-SUPPLIED_P_VALUE,N-LEGACY51-0042-P_ADJUSTED_HOLM,N-LEGACY51-0042-SUPPLIED_P_ADJUSTED_HOLM
ward:B-W3,6043,1528,-0.028996381083907397,0.002425412535278159,5705,1815,-0.0305,0.0001,False,False,False,False,unreproduced,unreproduced,0.1188452142286298,0.0049,N-LEGACY51-0043-N_BEFORE,N-LEGACY51-0043-N_AFTER,N-LEGACY51-0043-DIFF,N-LEGACY51-0043-P_VALUE,N-LEGACY51-0043-SUPPLIED_N_BEFORE,N-LEGACY51-0043-SUPPLIED_N_AFTER,N-LEGACY51-0043-SUPPLIED_DIFF,N-LEGACY51-0043-SUPPLIED_P_VALUE,N-LEGACY51-0043-P_ADJUSTED_HOLM,N-LEGACY51-0043-SUPPLIED_P_ADJUSTED_HOLM
ward:B-W4,1149,301,-0.007942772712946994,0.720338549155442,1075,358,0.0038,0.8465,False,False,False,False,unreproduced,unreproduced,1.0,1.0,N-LEGACY51-0044-N_BEFORE,N-LEGACY51-0044-N_AFTER,N-LEGACY51-0044-DIFF,N-LEGACY51-0044-P_VALUE,N-LEGACY51-0044-SUPPLIED_N_BEFORE,N-LEGACY51-0044-SUPPLIED_N_AFTER,N-LEGACY51-0044-SUPPLIED_DIFF,N-LEGACY51-0044-SUPPLIED_P_VALUE,N-LEGACY51-0044-P_ADJUSTED_HOLM,N-LEGACY51-0044-SUPPLIED_P_ADJUSTED_HOLM
sex:F,15951,4142,-0.015253588813956165,0.008408772139569061,15068,4972,-0.0101,0.0372,False,False,False,False,unreproduced,unreproduced,0.35316842986190056,1.0,N-LEGACY51-0045-N_BEFORE,N-LEGACY51-0045-N_AFTER,N-LEGACY51-0045-DIFF,N-LEGACY51-0045-P_VALUE,N-LEGACY51-0045-SUPPLIED_N_BEFORE,N-LEGACY51-0045-SUPPLIED_N_AFTER,N-LEGACY51-0045-SUPPLIED_DIFF,N-LEGACY51-0045-SUPPLIED_P_VALUE,N-LEGACY51-0045-P_ADJUSTED_HOLM,N-LEGACY51-0045-SUPPLIED_P_ADJUSTED_HOLM
sex:M,15783,4135,-0.017251706008814677,0.0024659239728542937,14947,5013,-0.0209,0.0,True,False,False,False,unreproduced,unreproduced,0.1188452142286298,0.0,N-LEGACY51-0046-N_BEFORE,N-LEGACY51-0046-N_AFTER,N-LEGACY51-0046-DIFF,N-LEGACY51-0046-P_VALUE,N-LEGACY51-0046-SUPPLIED_N_BEFORE,N-LEGACY51-0046-SUPPLIED_N_AFTER,N-LEGACY51-0046-SUPPLIED_DIFF,N-LEGACY51-0046-SUPPLIED_P_VALUE,N-LEGACY51-0046-P_ADJUSTED_HOLM,N-LEGACY51-0046-SUPPLIED_P_ADJUSTED_HOLM
age<50,9758,2566,-0.0120496690206984,0.09858451815837549,9215,3082,-0.0163,0.0071,False,False,False,False,unreproduced,unreproduced,1.0,0.2911,N-LEGACY51-0047-N_BEFORE,N-LEGACY51-0047-N_AFTER,N-LEGACY51-0047-DIFF,N-LEGACY51-0047-P_VALUE,N-LEGACY51-0047-SUPPLIED_N_BEFORE,N-LEGACY51-0047-SUPPLIED_N_AFTER,N-LEGACY51-0047-SUPPLIED_DIFF,N-LEGACY51-0047-SUPPLIED_P_VALUE,N-LEGACY51-0047-P_ADJUSTED_HOLM,N-LEGACY51-0047-SUPPLIED_P_ADJUSTED_HOLM
age50-70,15397,4008,-0.012882674606622319,0.028440640937032607,13992,4668,-0.0129,0.0088,False,False,True,False,unreproduced,unreproduced,1.0,0.35200000000000004,N-LEGACY51-0048-N_BEFORE,N-LEGACY51-0048-N_AFTER,N-LEGACY51-0048-DIFF,N-LEGACY51-0048-P_VALUE,N-LEGACY51-0048-SUPPLIED_N_BEFORE,N-LEGACY51-0048-SUPPLIED_N_AFTER,N-LEGACY51-0048-SUPPLIED_DIFF,N-LEGACY51-0048-SUPPLIED_P_VALUE,N-LEGACY51-0048-P_ADJUSTED_HOLM,N-LEGACY51-0048-SUPPLIED_P_ADJUSTED_HOLM
age>70,6579,1703,-0.030555950502484067,0.0005139639763956444,6808,2235,-0.0199,0.004,False,False,False,False,unreproduced,unreproduced,0.025698198819782223,0.17200000000000001,N-LEGACY51-0049-N_BEFORE,N-LEGACY51-0049-N_AFTER,N-LEGACY51-0049-DIFF,N-LEGACY51-0049-P_VALUE,N-LEGACY51-0049-SUPPLIED_N_BEFORE,N-LEGACY51-0049-SUPPLIED_N_AFTER,N-LEGACY51-0049-SUPPLIED_DIFF,N-LEGACY51-0049-SUPPLIED_P_VALUE,N-LEGACY51-0049-P_ADJUSTED_HOLM,N-LEGACY51-0049-SUPPLIED_P_ADJUSTED_HOLM
site:A|weekend,5090,1282,-0.0013188503964520204,0.8984808649133482,4852,1600,-0.0074,0.3817,False,False,False,False,unreproduced,unreproduced,1.0,1.0,N-LEGACY51-0050-N_BEFORE,N-LEGACY51-0050-N_AFTER,N-LEGACY51-0050-DIFF,N-LEGACY51-0050-P_VALUE,N-LEGACY51-0050-SUPPLIED_N_BEFORE,N-LEGACY51-0050-SUPPLIED_N_AFTER,N-LEGACY51-0050-SUPPLIED_DIFF,N-LEGACY51-0050-SUPPLIED_P_VALUE,N-LEGACY51-0050-P_ADJUSTED_HOLM,N-LEGACY51-0050-SUPPLIED_P_ADJUSTED_HOLM
site:A|weekday,12385,3254,-0.01306495480609686,0.04197346221859434,11699,3959,-0.0135,0.0106,False,False,False,False,unreproduced,unreproduced,1.0,0.4028,N-LEGACY51-0051-N_BEFORE,N-LEGACY51-0051-N_AFTER,N-LEGACY51-0051-DIFF,N-LEGACY51-0051-P_VALUE,N-LEGACY51-0051-SUPPLIED_N_BEFORE,N-LEGACY51-0051-SUPPLIED_N_AFTER,N-LEGACY51-0051-SUPPLIED_DIFF,N-LEGACY51-0051-SUPPLIED_P_VALUE,N-LEGACY51-0051-P_ADJUSTED_HOLM,N-LEGACY51-0051-SUPPLIED_P_ADJUSTED_HOLM
