claim,mechanism,treated_multiplier,control_multiplier,estimate,quantity_status,treated_multiplier_number_id,control_multiplier_number_id,estimate_number_id,chance_excess_estimate,chance_excess_estimate_number_id
c1,pattern_mixture_symmetric,0.5,0.5,0.0047126740818498915,imputed_sensitivity_only,N-MISSINGNESS-SCENARIOS-0001-TREATED_MULTIPLIER,N-MISSINGNESS-SCENARIOS-0001-CONTROL_MULTIPLIER,N-MISSINGNESS-SCENARIOS-0001-ESTIMATE,,
c1,directional_treated_worse_control_better,0.5,2.0,-0.016469053069534653,imputed_sensitivity_only,N-MISSINGNESS-SCENARIOS-0002-TREATED_MULTIPLIER,N-MISSINGNESS-SCENARIOS-0002-CONTROL_MULTIPLIER,N-MISSINGNESS-SCENARIOS-0002-ESTIMATE,,
c1,directional_treated_better_control_worse,2.0,0.5,0.024456165542358743,imputed_sensitivity_only,N-MISSINGNESS-SCENARIOS-0003-TREATED_MULTIPLIER,N-MISSINGNESS-SCENARIOS-0003-CONTROL_MULTIPLIER,N-MISSINGNESS-SCENARIOS-0003-ESTIMATE,,
c1,pattern_mixture_symmetric,0.75,0.75,0.004416303088195176,imputed_sensitivity_only,N-MISSINGNESS-SCENARIOS-0004-TREATED_MULTIPLIER,N-MISSINGNESS-SCENARIOS-0004-CONTROL_MULTIPLIER,N-MISSINGNESS-SCENARIOS-0004-ESTIMATE,,
c1,directional_treated_worse_control_better,0.75,1.3333333333333333,-0.004137446357470447,imputed_sensitivity_only,N-MISSINGNESS-SCENARIOS-0005-TREATED_MULTIPLIER,N-MISSINGNESS-SCENARIOS-0005-CONTROL_MULTIPLIER,N-MISSINGNESS-SCENARIOS-0005-ESTIMATE,,
c1,directional_treated_better_control_worse,1.3333333333333333,0.75,0.012379674934970655,imputed_sensitivity_only,N-MISSINGNESS-SCENARIOS-0006-TREATED_MULTIPLIER,N-MISSINGNESS-SCENARIOS-0006-CONTROL_MULTIPLIER,N-MISSINGNESS-SCENARIOS-0006-ESTIMATE,,
c1,pattern_mixture_symmetric,1.5,1.5,0.0036777264496911017,imputed_sensitivity_only,N-MISSINGNESS-SCENARIOS-0007-TREATED_MULTIPLIER,N-MISSINGNESS-SCENARIOS-0007-CONTROL_MULTIPLIER,N-MISSINGNESS-SCENARIOS-0007-ESTIMATE,,
c1,directional_treated_worse_control_better,1.5,0.6666666666666666,0.01580385651752986,imputed_sensitivity_only,N-MISSINGNESS-SCENARIOS-0008-TREATED_MULTIPLIER,N-MISSINGNESS-SCENARIOS-0008-CONTROL_MULTIPLIER,N-MISSINGNESS-SCENARIOS-0008-ESTIMATE,,
c1,directional_treated_better_control_worse,0.6666666666666666,1.5,-0.00761441837858808,imputed_sensitivity_only,N-MISSINGNESS-SCENARIOS-0009-TREATED_MULTIPLIER,N-MISSINGNESS-SCENARIOS-0009-CONTROL_MULTIPLIER,N-MISSINGNESS-SCENARIOS-0009-ESTIMATE,,
c1,pattern_mixture_symmetric,2.0,2.0,0.0032744383909742002,imputed_sensitivity_only,N-MISSINGNESS-SCENARIOS-0010-TREATED_MULTIPLIER,N-MISSINGNESS-SCENARIOS-0010-CONTROL_MULTIPLIER,N-MISSINGNESS-SCENARIOS-0010-ESTIMATE,,
c1,directional_treated_worse_control_better,2.0,0.5,0.024456165542358743,imputed_sensitivity_only,N-MISSINGNESS-SCENARIOS-0011-TREATED_MULTIPLIER,N-MISSINGNESS-SCENARIOS-0011-CONTROL_MULTIPLIER,N-MISSINGNESS-SCENARIOS-0011-ESTIMATE,,
c1,directional_treated_better_control_worse,0.5,2.0,-0.016469053069534653,imputed_sensitivity_only,N-MISSINGNESS-SCENARIOS-0012-TREATED_MULTIPLIER,N-MISSINGNESS-SCENARIOS-0012-CONTROL_MULTIPLIER,N-MISSINGNESS-SCENARIOS-0012-ESTIMATE,,
c1,site_b_poor_outcome_observation_odds,1.0,0.25,0.016211737902445716,imputed_sensitivity_only,N-MISSINGNESS-SCENARIOS-0013-TREATED_MULTIPLIER,N-MISSINGNESS-SCENARIOS-0013-CONTROL_MULTIPLIER,N-MISSINGNESS-SCENARIOS-0013-ESTIMATE,,
c1,site_b_poor_outcome_observation_odds,1.0,0.5,0.011957891394724425,imputed_sensitivity_only,N-MISSINGNESS-SCENARIOS-0014-TREATED_MULTIPLIER,N-MISSINGNESS-SCENARIOS-0014-CONTROL_MULTIPLIER,N-MISSINGNESS-SCENARIOS-0014-ESTIMATE,,
c1,site_b_poor_outcome_observation_odds,1.0,1.0,0.004147993175514353,imputed_sensitivity_only,N-MISSINGNESS-SCENARIOS-0015-TREATED_MULTIPLIER,N-MISSINGNESS-SCENARIOS-0015-CONTROL_MULTIPLIER,N-MISSINGNESS-SCENARIOS-0015-ESTIMATE,,
c2,pattern_mixture_symmetric,0.5,0.5,3.721435832933049,imputed_sensitivity_only,N-MISSINGNESS-SCENARIOS-0016-TREATED_MULTIPLIER,N-MISSINGNESS-SCENARIOS-0016-CONTROL_MULTIPLIER,N-MISSINGNESS-SCENARIOS-0016-ESTIMATE,,
c2,directional_treated_worse_control_better,2.0,0.5,-9.965008985174249,imputed_sensitivity_only,N-MISSINGNESS-SCENARIOS-0017-TREATED_MULTIPLIER,N-MISSINGNESS-SCENARIOS-0017-CONTROL_MULTIPLIER,N-MISSINGNESS-SCENARIOS-0017-ESTIMATE,,
c2,directional_treated_better_control_worse,0.5,2.0,15.808552996048848,imputed_sensitivity_only,N-MISSINGNESS-SCENARIOS-0018-TREATED_MULTIPLIER,N-MISSINGNESS-SCENARIOS-0018-CONTROL_MULTIPLIER,N-MISSINGNESS-SCENARIOS-0018-ESTIMATE,,
c2,pattern_mixture_symmetric,0.75,0.75,3.3288223414624554,imputed_sensitivity_only,N-MISSINGNESS-SCENARIOS-0019-TREATED_MULTIPLIER,N-MISSINGNESS-SCENARIOS-0019-CONTROL_MULTIPLIER,N-MISSINGNESS-SCENARIOS-0019-ESTIMATE,,
c2,directional_treated_worse_control_better,1.3333333333333333,0.75,-2.643800030519247,imputed_sensitivity_only,N-MISSINGNESS-SCENARIOS-0020-TREATED_MULTIPLIER,N-MISSINGNESS-SCENARIOS-0020-CONTROL_MULTIPLIER,N-MISSINGNESS-SCENARIOS-0020-ESTIMATE,,
c2,directional_treated_better_control_worse,0.75,1.3333333333333333,8.598393478318519,imputed_sensitivity_only,N-MISSINGNESS-SCENARIOS-0021-TREATED_MULTIPLIER,N-MISSINGNESS-SCENARIOS-0021-CONTROL_MULTIPLIER,N-MISSINGNESS-SCENARIOS-0021-ESTIMATE,,
c2,pattern_mixture_symmetric,1.5,1.5,2.474793663668054,imputed_sensitivity_only,N-MISSINGNESS-SCENARIOS-0022-TREATED_MULTIPLIER,N-MISSINGNESS-SCENARIOS-0022-CONTROL_MULTIPLIER,N-MISSINGNESS-SCENARIOS-0022-ESTIMATE,,
c2,directional_treated_worse_control_better,0.6666666666666666,1.5,10.803783896813428,imputed_sensitivity_only,N-MISSINGNESS-SCENARIOS-0023-TREATED_MULTIPLIER,N-MISSINGNESS-SCENARIOS-0023-CONTROL_MULTIPLIER,N-MISSINGNESS-SCENARIOS-0023-ESTIMATE,,
c2,directional_treated_better_control_worse,1.5,0.6666666666666666,-4.87515207406639,imputed_sensitivity_only,N-MISSINGNESS-SCENARIOS-0024-TREATED_MULTIPLIER,N-MISSINGNESS-SCENARIOS-0024-CONTROL_MULTIPLIER,N-MISSINGNESS-SCENARIOS-0024-ESTIMATE,,
c2,pattern_mixture_symmetric,2.0,2.0,2.122108177941552,imputed_sensitivity_only,N-MISSINGNESS-SCENARIOS-0025-TREATED_MULTIPLIER,N-MISSINGNESS-SCENARIOS-0025-CONTROL_MULTIPLIER,N-MISSINGNESS-SCENARIOS-0025-ESTIMATE,,
c2,directional_treated_worse_control_better,0.5,2.0,15.808552996048848,imputed_sensitivity_only,N-MISSINGNESS-SCENARIOS-0026-TREATED_MULTIPLIER,N-MISSINGNESS-SCENARIOS-0026-CONTROL_MULTIPLIER,N-MISSINGNESS-SCENARIOS-0026-ESTIMATE,,
c2,directional_treated_better_control_worse,2.0,0.5,-9.965008985174249,imputed_sensitivity_only,N-MISSINGNESS-SCENARIOS-0027-TREATED_MULTIPLIER,N-MISSINGNESS-SCENARIOS-0027-CONTROL_MULTIPLIER,N-MISSINGNESS-SCENARIOS-0027-ESTIMATE,,
c2,site_b_poor_outcome_observation_odds,1.0,4.0,12.453218330076169,imputed_sensitivity_only,N-MISSINGNESS-SCENARIOS-0028-TREATED_MULTIPLIER,N-MISSINGNESS-SCENARIOS-0028-CONTROL_MULTIPLIER,N-MISSINGNESS-SCENARIOS-0028-ESTIMATE,,
c2,site_b_poor_outcome_observation_odds,1.0,2.0,8.756841027770323,imputed_sensitivity_only,N-MISSINGNESS-SCENARIOS-0029-TREATED_MULTIPLIER,N-MISSINGNESS-SCENARIOS-0029-CONTROL_MULTIPLIER,N-MISSINGNESS-SCENARIOS-0029-ESTIMATE,,
c2,site_b_poor_outcome_observation_odds,1.0,1.0,2.9914221991159065,imputed_sensitivity_only,N-MISSINGNESS-SCENARIOS-0030-TREATED_MULTIPLIER,N-MISSINGNESS-SCENARIOS-0030-CONTROL_MULTIPLIER,N-MISSINGNESS-SCENARIOS-0030-ESTIMATE,,
c3,unlabeled_pair_selection_odds,0.5,,0.6286227224483883,imputed_sensitivity_only,N-MISSINGNESS-SCENARIOS-0031-TREATED_MULTIPLIER,,N-MISSINGNESS-SCENARIOS-0031-ESTIMATE,-0.15783561088494502,N-MISSINGNESS-SCENARIOS-0031-CHANCE_EXCESS_ESTIMATE
c3,unlabeled_pair_selection_odds,0.75,,0.7167015524158382,imputed_sensitivity_only,N-MISSINGNESS-SCENARIOS-0032-TREATED_MULTIPLIER,,N-MISSINGNESS-SCENARIOS-0032-ESTIMATE,-0.06975678091749515,N-MISSINGNESS-SCENARIOS-0032-CHANCE_EXCESS_ESTIMATE
c3,unlabeled_pair_selection_odds,1.5,,0.8339192434251511,imputed_sensitivity_only,N-MISSINGNESS-SCENARIOS-0033-TREATED_MULTIPLIER,,N-MISSINGNESS-SCENARIOS-0033-ESTIMATE,0.04746091009181774,N-MISSINGNESS-SCENARIOS-0033-CHANCE_EXCESS_ESTIMATE
c3,unlabeled_pair_selection_odds,2.0,,0.8695442279475893,imputed_sensitivity_only,N-MISSINGNESS-SCENARIOS-0034-TREATED_MULTIPLIER,,N-MISSINGNESS-SCENARIOS-0034-ESTIMATE,0.08308589461425597,N-MISSINGNESS-SCENARIOS-0034-CHANCE_EXCESS_ESTIMATE
c3,directional_all_unlabeled_disagree,,,0.008067329495900924,imputed_sensitivity_only,,,N-MISSINGNESS-SCENARIOS-0035-ESTIMATE,-0.7783910038374324,N-MISSINGNESS-SCENARIOS-0035-CHANCE_EXCESS_ESTIMATE
c3,directional_all_unlabeled_agree,,,0.9976016047444619,imputed_sensitivity_only,,,N-MISSINGNESS-SCENARIOS-0036-ESTIMATE,0.21114327141112854,N-MISSINGNESS-SCENARIOS-0036-CHANCE_EXCESS_ESTIMATE
