family,comparison,p_value,quantity_status,adjustment_method,p_adjusted,p_value_number_id,p_adjusted_number_id
F_headline,c1_primary,0.7531,sensitivity_only,holm,1.0,N-MULTIPLICITY-0001-P_VALUE,N-MULTIPLICITY-0001-P_ADJUSTED
F_headline,c2_primary,0.0272,sensitivity_only,holm,0.08159999999999999,N-MULTIPLICITY-0002-P_VALUE,N-MULTIPLICITY-0002-P_ADJUSTED
F_headline,c3_primary,0.8442844284428442,sensitivity_only,holm,1.0,N-MULTIPLICITY-0003-P_VALUE,N-MULTIPLICITY-0003-P_ADJUSTED
F_legacy51,service:A-NEURO,0.9301,unreproduced,holm,1.0,N-MULTIPLICITY-0004-P_VALUE,N-MULTIPLICITY-0004-P_ADJUSTED
F_legacy51,service:B-THOR,0.0012,unreproduced,holm,0.05519999999999999,N-MULTIPLICITY-0005-P_VALUE,N-MULTIPLICITY-0005-P_ADJUSTED
F_legacy51,service:A-ORTH,0.2769,unreproduced,holm,1.0,N-MULTIPLICITY-0006-P_VALUE,N-MULTIPLICITY-0006-P_ADJUSTED
F_legacy51,service:A-GEN,0.0368,unreproduced,holm,1.0,N-MULTIPLICITY-0007-P_VALUE,N-MULTIPLICITY-0007-P_ADJUSTED
F_legacy51,service:A-OPHT,0.8201,unreproduced,holm,1.0,N-MULTIPLICITY-0008-P_VALUE,N-MULTIPLICITY-0008-P_ADJUSTED
F_legacy51,service:A-PAED,0.0507,unreproduced,holm,1.0,N-MULTIPLICITY-0009-P_VALUE,N-MULTIPLICITY-0009-P_ADJUSTED
F_legacy51,service:B-VASC,0.0015,unreproduced,holm,0.066,N-MULTIPLICITY-0010-P_VALUE,N-MULTIPLICITY-0010-P_ADJUSTED
F_legacy51,service:A-CARD,0.5598,unreproduced,holm,1.0,N-MULTIPLICITY-0011-P_VALUE,N-MULTIPLICITY-0011-P_ADJUSTED
F_legacy51,service:B-PAED,0.0485,unreproduced,holm,1.0,N-MULTIPLICITY-0012-P_VALUE,N-MULTIPLICITY-0012-P_ADJUSTED
F_legacy51,service:A-PLAS,0.0491,unreproduced,holm,1.0,N-MULTIPLICITY-0013-P_VALUE,N-MULTIPLICITY-0013-P_ADJUSTED
F_legacy51,service:A-VASC,0.1972,unreproduced,holm,1.0,N-MULTIPLICITY-0014-P_VALUE,N-MULTIPLICITY-0014-P_ADJUSTED
F_legacy51,service:B-ORTH,0.4883,unreproduced,holm,1.0,N-MULTIPLICITY-0015-P_VALUE,N-MULTIPLICITY-0015-P_ADJUSTED
F_legacy51,service:A-THOR,0.4002,unreproduced,holm,1.0,N-MULTIPLICITY-0016-P_VALUE,N-MULTIPLICITY-0016-P_ADJUSTED
F_legacy51,service:B-OPHT,0.3235,unreproduced,holm,1.0,N-MULTIPLICITY-0017-P_VALUE,N-MULTIPLICITY-0017-P_ADJUSTED
F_legacy51,service:B-GEN,0.8465,unreproduced,holm,1.0,N-MULTIPLICITY-0018-P_VALUE,N-MULTIPLICITY-0018-P_ADJUSTED
F_legacy51,service:B-URO,0.0014,unreproduced,holm,0.063,N-MULTIPLICITY-0019-P_VALUE,N-MULTIPLICITY-0019-P_ADJUSTED
F_legacy51,service:B-ENT,0.974,unreproduced,holm,1.0,N-MULTIPLICITY-0020-P_VALUE,N-MULTIPLICITY-0020-P_ADJUSTED
F_legacy51,service:B-NEURO,0.012,unreproduced,holm,0.444,N-MULTIPLICITY-0021-P_VALUE,N-MULTIPLICITY-0021-P_ADJUSTED
F_legacy51,service:B-GYN,0.1972,unreproduced,holm,1.0,N-MULTIPLICITY-0022-P_VALUE,N-MULTIPLICITY-0022-P_ADJUSTED
F_legacy51,service:B-CARD,0.9787,unreproduced,holm,1.0,N-MULTIPLICITY-0023-P_VALUE,N-MULTIPLICITY-0023-P_ADJUSTED
F_legacy51,service:A-URO,0.703,unreproduced,holm,1.0,N-MULTIPLICITY-0024-P_VALUE,N-MULTIPLICITY-0024-P_ADJUSTED
F_legacy51,service:A-GYN,0.0647,unreproduced,holm,1.0,N-MULTIPLICITY-0025-P_VALUE,N-MULTIPLICITY-0025-P_ADJUSTED
F_legacy51,service:A-ENT,0.5819,unreproduced,holm,1.0,N-MULTIPLICITY-0026-P_VALUE,N-MULTIPLICITY-0026-P_ADJUSTED
F_legacy51,service:B-PLAS,0.272,unreproduced,holm,1.0,N-MULTIPLICITY-0027-P_VALUE,N-MULTIPLICITY-0027-P_ADJUSTED
F_legacy51,site:A,0.0088,unreproduced,holm,0.35200000000000004,N-MULTIPLICITY-0028-P_VALUE,N-MULTIPLICITY-0028-P_ADJUSTED
F_legacy51,site:A|sex:F,0.1656,unreproduced,holm,1.0,N-MULTIPLICITY-0029-P_VALUE,N-MULTIPLICITY-0029-P_ADJUSTED
F_legacy51,site:A|sex:M,0.02,unreproduced,holm,0.72,N-MULTIPLICITY-0030-P_VALUE,N-MULTIPLICITY-0030-P_ADJUSTED
F_legacy51,site:A|age<50,0.0955,unreproduced,holm,1.0,N-MULTIPLICITY-0031-P_VALUE,N-MULTIPLICITY-0031-P_ADJUSTED
F_legacy51,site:A|age50-70,0.3377,unreproduced,holm,1.0,N-MULTIPLICITY-0032-P_VALUE,N-MULTIPLICITY-0032-P_ADJUSTED
F_legacy51,site:A|age>70,0.0237,unreproduced,holm,0.8294999999999999,N-MULTIPLICITY-0033-P_VALUE,N-MULTIPLICITY-0033-P_ADJUSTED
F_legacy51,site:B,0.0001,unreproduced,holm,0.0049,N-MULTIPLICITY-0034-P_VALUE,N-MULTIPLICITY-0034-P_ADJUSTED
F_legacy51,site:B|sex:F,0.1225,unreproduced,holm,1.0,N-MULTIPLICITY-0035-P_VALUE,N-MULTIPLICITY-0035-P_ADJUSTED
F_legacy51,site:B|sex:M,0.0,unreproduced,holm,0.0,N-MULTIPLICITY-0036-P_VALUE,N-MULTIPLICITY-0036-P_ADJUSTED
F_legacy51,site:B|age<50,0.03,unreproduced,holm,1.0,N-MULTIPLICITY-0037-P_VALUE,N-MULTIPLICITY-0037-P_ADJUSTED
F_legacy51,site:B|age50-70,0.0045,unreproduced,holm,0.18899999999999997,N-MULTIPLICITY-0038-P_VALUE,N-MULTIPLICITY-0038-P_ADJUSTED
F_legacy51,site:B|age>70,0.0723,unreproduced,holm,1.0,N-MULTIPLICITY-0039-P_VALUE,N-MULTIPLICITY-0039-P_ADJUSTED
F_legacy51,ward:A-W1,0.7462,unreproduced,holm,1.0,N-MULTIPLICITY-0040-P_VALUE,N-MULTIPLICITY-0040-P_ADJUSTED
F_legacy51,ward:A-W2,0.3185,unreproduced,holm,1.0,N-MULTIPLICITY-0041-P_VALUE,N-MULTIPLICITY-0041-P_ADJUSTED
F_legacy51,ward:A-W3,0.0004,unreproduced,holm,0.0188,N-MULTIPLICITY-0042-P_VALUE,N-MULTIPLICITY-0042-P_ADJUSTED
F_legacy51,ward:A-W4,0.1972,unreproduced,holm,1.0,N-MULTIPLICITY-0043-P_VALUE,N-MULTIPLICITY-0043-P_ADJUSTED
F_legacy51,ward:B-W1,0.125,unreproduced,holm,1.0,N-MULTIPLICITY-0044-P_VALUE,N-MULTIPLICITY-0044-P_ADJUSTED
F_legacy51,ward:B-W2,0.123,unreproduced,holm,1.0,N-MULTIPLICITY-0045-P_VALUE,N-MULTIPLICITY-0045-P_ADJUSTED
F_legacy51,ward:B-W3,0.0001,unreproduced,holm,0.0049,N-MULTIPLICITY-0046-P_VALUE,N-MULTIPLICITY-0046-P_ADJUSTED
F_legacy51,ward:B-W4,0.8465,unreproduced,holm,1.0,N-MULTIPLICITY-0047-P_VALUE,N-MULTIPLICITY-0047-P_ADJUSTED
F_legacy51,sex:F,0.0372,unreproduced,holm,1.0,N-MULTIPLICITY-0048-P_VALUE,N-MULTIPLICITY-0048-P_ADJUSTED
F_legacy51,sex:M,0.0,unreproduced,holm,0.0,N-MULTIPLICITY-0049-P_VALUE,N-MULTIPLICITY-0049-P_ADJUSTED
F_legacy51,age<50,0.0071,unreproduced,holm,0.2911,N-MULTIPLICITY-0050-P_VALUE,N-MULTIPLICITY-0050-P_ADJUSTED
F_legacy51,age50-70,0.0088,unreproduced,holm,0.35200000000000004,N-MULTIPLICITY-0051-P_VALUE,N-MULTIPLICITY-0051-P_ADJUSTED
F_legacy51,age>70,0.004,unreproduced,holm,0.17200000000000001,N-MULTIPLICITY-0052-P_VALUE,N-MULTIPLICITY-0052-P_ADJUSTED
F_legacy51,site:A|weekend,0.3817,unreproduced,holm,1.0,N-MULTIPLICITY-0053-P_VALUE,N-MULTIPLICITY-0053-P_ADJUSTED
F_legacy51,site:A|weekday,0.0106,unreproduced,holm,0.4028,N-MULTIPLICITY-0054-P_VALUE,N-MULTIPLICITY-0054-P_ADJUSTED
F_diagnostic,c1_pre_switch_placebo,0.715,sensitivity_only,holm,1.0,N-MULTIPLICITY-0055-P_VALUE,N-MULTIPLICITY-0055-P_ADJUSTED
F_diagnostic,c2_pre_switch_placebo,0.7975,sensitivity_only,holm,1.0,N-MULTIPLICITY-0056-P_VALUE,N-MULTIPLICITY-0056-P_ADJUSTED
F_diagnostic,patient_age_at_referral,0.6438,sensitivity_only,holm,1.0,N-MULTIPLICITY-0057-P_VALUE,N-MULTIPLICITY-0057-P_ADJUSTED
F_diagnostic,sex_distribution_female,0.2935,sensitivity_only,holm,1.0,N-MULTIPLICITY-0058-P_VALUE,N-MULTIPLICITY-0058-P_ADJUSTED
F_subgroup,c1:approach_a_interaction:sex:F_vs_M,0.6702,sensitivity_only,benjamini_yekutieli,1.0,N-MULTIPLICITY-0059-P_VALUE,N-MULTIPLICITY-0059-P_ADJUSTED
F_subgroup,c1:approach_a_interaction:age:age_40_64_vs_age_lt_40,0.8544,sensitivity_only,benjamini_yekutieli,1.0,N-MULTIPLICITY-0060-P_VALUE,N-MULTIPLICITY-0060-P_ADJUSTED
F_subgroup,c1:approach_a_interaction:age:age_ge_65_vs_age_lt_40,0.3285,sensitivity_only,benjamini_yekutieli,1.0,N-MULTIPLICITY-0061-P_VALUE,N-MULTIPLICITY-0061-P_ADJUSTED
F_subgroup,c2:approach_a_interaction:sex:F_vs_M,0.248,sensitivity_only,benjamini_yekutieli,1.0,N-MULTIPLICITY-0062-P_VALUE,N-MULTIPLICITY-0062-P_ADJUSTED
F_subgroup,c2:approach_a_interaction:age:age_40_64_vs_age_lt_40,0.712,sensitivity_only,benjamini_yekutieli,1.0,N-MULTIPLICITY-0063-P_VALUE,N-MULTIPLICITY-0063-P_ADJUSTED
F_subgroup,c2:approach_a_interaction:age:age_ge_65_vs_age_lt_40,0.2303,sensitivity_only,benjamini_yekutieli,1.0,N-MULTIPLICITY-0064-P_VALUE,N-MULTIPLICITY-0064-P_ADJUSTED
F_evaluation,llm_judge_vs_reviewer_1:balanced_accuracy,0.0001,observed,benjamini_yekutieli,0.00015000000000000001,N-MULTIPLICITY-0065-P_VALUE,N-MULTIPLICITY-0065-P_ADJUSTED
F_evaluation,llm_judge_vs_reviewer_2:balanced_accuracy,0.0001,observed,benjamini_yekutieli,0.00015000000000000001,N-MULTIPLICITY-0066-P_VALUE,N-MULTIPLICITY-0066-P_ADJUSTED
