dimension,group,metric,estimate,lower,upper,rows,service_clusters,interval_method,inferential_status,validity,quantity_status,estimate_number_id,lower_number_id,upper_number_id,rows_number_id,service_clusters_number_id
site,A,sensitivity,0.0,0.0,0.0,21083,12,service_cluster_percentile_bootstrap,reported,invalidated_for_clinical_use_sensitivity_only,invalidated_sensitivity_only,N-MODEL-SUBGROUPS-0001-ESTIMATE,N-MODEL-SUBGROUPS-0001-LOWER,N-MODEL-SUBGROUPS-0001-UPPER,N-MODEL-SUBGROUPS-0001-ROWS,N-MODEL-SUBGROUPS-0001-SERVICE_CLUSTERS
site,A,specificity,0.9546358308915864,0.9364747085560701,0.9735548146325187,21083,12,service_cluster_percentile_bootstrap,reported,invalidated_for_clinical_use_sensitivity_only,invalidated_sensitivity_only,N-MODEL-SUBGROUPS-0002-ESTIMATE,N-MODEL-SUBGROUPS-0002-LOWER,N-MODEL-SUBGROUPS-0002-UPPER,N-MODEL-SUBGROUPS-0002-ROWS,N-MODEL-SUBGROUPS-0002-SERVICE_CLUSTERS
site,A,brier,0.25138427340036995,0.2347841067342262,0.26597063305051194,21083,12,service_cluster_percentile_bootstrap,reported,invalidated_for_clinical_use_sensitivity_only,invalidated_sensitivity_only,N-MODEL-SUBGROUPS-0003-ESTIMATE,N-MODEL-SUBGROUPS-0003-LOWER,N-MODEL-SUBGROUPS-0003-UPPER,N-MODEL-SUBGROUPS-0003-ROWS,N-MODEL-SUBGROUPS-0003-SERVICE_CLUSTERS
site,A,net_benefit,-0.06709571443193194,-0.09465699423321719,-0.03889917759774593,21083,12,service_cluster_percentile_bootstrap,reported,invalidated_for_clinical_use_sensitivity_only,invalidated_sensitivity_only,N-MODEL-SUBGROUPS-0004-ESTIMATE,N-MODEL-SUBGROUPS-0004-LOWER,N-MODEL-SUBGROUPS-0004-UPPER,N-MODEL-SUBGROUPS-0004-ROWS,N-MODEL-SUBGROUPS-0004-SERVICE_CLUSTERS
site,B,sensitivity,0.0005892751915144372,0.0,0.0018203883495145632,17052,12,service_cluster_percentile_bootstrap,reported,invalidated_for_clinical_use_sensitivity_only,invalidated_sensitivity_only,N-MODEL-SUBGROUPS-0005-ESTIMATE,N-MODEL-SUBGROUPS-0005-LOWER,N-MODEL-SUBGROUPS-0005-UPPER,N-MODEL-SUBGROUPS-0005-ROWS,N-MODEL-SUBGROUPS-0005-SERVICE_CLUSTERS
site,B,specificity,0.9542819928362097,0.9319619347482159,0.9751798489627669,17052,12,service_cluster_percentile_bootstrap,reported,invalidated_for_clinical_use_sensitivity_only,invalidated_sensitivity_only,N-MODEL-SUBGROUPS-0006-ESTIMATE,N-MODEL-SUBGROUPS-0006-LOWER,N-MODEL-SUBGROUPS-0006-UPPER,N-MODEL-SUBGROUPS-0006-ROWS,N-MODEL-SUBGROUPS-0006-SERVICE_CLUSTERS
site,B,brier,0.252162614273399,0.2306296614997228,0.27382374082934036,17052,12,service_cluster_percentile_bootstrap,reported,invalidated_for_clinical_use_sensitivity_only,invalidated_sensitivity_only,N-MODEL-SUBGROUPS-0007-ESTIMATE,N-MODEL-SUBGROUPS-0007-LOWER,N-MODEL-SUBGROUPS-0007-UPPER,N-MODEL-SUBGROUPS-0007-ROWS,N-MODEL-SUBGROUPS-0007-SERVICE_CLUSTERS
site,B,net_benefit,-0.0671105102658123,-0.09950962912193126,-0.03659977548759994,17052,12,service_cluster_percentile_bootstrap,reported,invalidated_for_clinical_use_sensitivity_only,invalidated_sensitivity_only,N-MODEL-SUBGROUPS-0008-ESTIMATE,N-MODEL-SUBGROUPS-0008-LOWER,N-MODEL-SUBGROUPS-0008-UPPER,N-MODEL-SUBGROUPS-0008-ROWS,N-MODEL-SUBGROUPS-0008-SERVICE_CLUSTERS
sex,F,sensitivity,0.0,0.0,0.0,19122,24,service_cluster_percentile_bootstrap,reported,invalidated_for_clinical_use_sensitivity_only,invalidated_sensitivity_only,N-MODEL-SUBGROUPS-0009-ESTIMATE,N-MODEL-SUBGROUPS-0009-LOWER,N-MODEL-SUBGROUPS-0009-UPPER,N-MODEL-SUBGROUPS-0009-ROWS,N-MODEL-SUBGROUPS-0009-SERVICE_CLUSTERS
sex,F,specificity,0.9535031847133758,0.9398973211996984,0.9670242137857566,19122,24,service_cluster_percentile_bootstrap,reported,invalidated_for_clinical_use_sensitivity_only,invalidated_sensitivity_only,N-MODEL-SUBGROUPS-0010-ESTIMATE,N-MODEL-SUBGROUPS-0010-LOWER,N-MODEL-SUBGROUPS-0010-UPPER,N-MODEL-SUBGROUPS-0010-ROWS,N-MODEL-SUBGROUPS-0010-SERVICE_CLUSTERS
sex,F,brier,0.2522232909381864,0.23862420439823878,0.26532536870039153,19122,24,service_cluster_percentile_bootstrap,reported,invalidated_for_clinical_use_sensitivity_only,invalidated_sensitivity_only,N-MODEL-SUBGROUPS-0011-ESTIMATE,N-MODEL-SUBGROUPS-0011-LOWER,N-MODEL-SUBGROUPS-0011-UPPER,N-MODEL-SUBGROUPS-0011-ROWS,N-MODEL-SUBGROUPS-0011-SERVICE_CLUSTERS
sex,F,net_benefit,-0.0685157355264534,-0.08846570811428672,-0.04867556990508523,19122,24,service_cluster_percentile_bootstrap,reported,invalidated_for_clinical_use_sensitivity_only,invalidated_sensitivity_only,N-MODEL-SUBGROUPS-0012-ESTIMATE,N-MODEL-SUBGROUPS-0012-LOWER,N-MODEL-SUBGROUPS-0012-UPPER,N-MODEL-SUBGROUPS-0012-ROWS,N-MODEL-SUBGROUPS-0012-SERVICE_CLUSTERS
sex,M,sensitivity,0.0005506607929515419,0.0,0.0017574692442882249,19013,24,service_cluster_percentile_bootstrap,reported,invalidated_for_clinical_use_sensitivity_only,invalidated_sensitivity_only,N-MODEL-SUBGROUPS-0013-ESTIMATE,N-MODEL-SUBGROUPS-0013-LOWER,N-MODEL-SUBGROUPS-0013-UPPER,N-MODEL-SUBGROUPS-0013-ROWS,N-MODEL-SUBGROUPS-0013-SERVICE_CLUSTERS
sex,M,specificity,0.9554573472117229,0.939877300613497,0.9701086249738375,19013,24,service_cluster_percentile_bootstrap,reported,invalidated_for_clinical_use_sensitivity_only,invalidated_sensitivity_only,N-MODEL-SUBGROUPS-0014-ESTIMATE,N-MODEL-SUBGROUPS-0014-LOWER,N-MODEL-SUBGROUPS-0014-UPPER,N-MODEL-SUBGROUPS-0014-ROWS,N-MODEL-SUBGROUPS-0014-SERVICE_CLUSTERS
sex,M,brier,0.2512385086714353,0.23858500299116053,0.26381414463099817,19013,24,service_cluster_percentile_bootstrap,reported,invalidated_for_clinical_use_sensitivity_only,invalidated_sensitivity_only,N-MODEL-SUBGROUPS-0015-ESTIMATE,N-MODEL-SUBGROUPS-0015-LOWER,N-MODEL-SUBGROUPS-0015-UPPER,N-MODEL-SUBGROUPS-0015-ROWS,N-MODEL-SUBGROUPS-0015-SERVICE_CLUSTERS
sex,M,net_benefit,-0.06568082226288384,-0.08890964615783618,-0.04396356761782125,19013,24,service_cluster_percentile_bootstrap,reported,invalidated_for_clinical_use_sensitivity_only,invalidated_sensitivity_only,N-MODEL-SUBGROUPS-0016-ESTIMATE,N-MODEL-SUBGROUPS-0016-LOWER,N-MODEL-SUBGROUPS-0016-UPPER,N-MODEL-SUBGROUPS-0016-ROWS,N-MODEL-SUBGROUPS-0016-SERVICE_CLUSTERS
age_band,age_40_64,sensitivity,0.000493339911198816,0.0,0.001561727290473711,20874,24,service_cluster_percentile_bootstrap,reported,invalidated_for_clinical_use_sensitivity_only,invalidated_sensitivity_only,N-MODEL-SUBGROUPS-0017-ESTIMATE,N-MODEL-SUBGROUPS-0017-LOWER,N-MODEL-SUBGROUPS-0017-UPPER,N-MODEL-SUBGROUPS-0017-ROWS,N-MODEL-SUBGROUPS-0017-SERVICE_CLUSTERS
age_band,age_40_64,specificity,0.9539979837639943,0.9391184786368922,0.9683714539090784,20874,24,service_cluster_percentile_bootstrap,reported,invalidated_for_clinical_use_sensitivity_only,invalidated_sensitivity_only,N-MODEL-SUBGROUPS-0018-ESTIMATE,N-MODEL-SUBGROUPS-0018-LOWER,N-MODEL-SUBGROUPS-0018-UPPER,N-MODEL-SUBGROUPS-0018-ROWS,N-MODEL-SUBGROUPS-0018-SERVICE_CLUSTERS
age_band,age_40_64,brier,0.2524991245554278,0.23919965327972256,0.2652482512281844,20874,24,service_cluster_percentile_bootstrap,reported,invalidated_for_clinical_use_sensitivity_only,invalidated_sensitivity_only,N-MODEL-SUBGROUPS-0019-ESTIMATE,N-MODEL-SUBGROUPS-0019-LOWER,N-MODEL-SUBGROUPS-0019-UPPER,N-MODEL-SUBGROUPS-0019-ROWS,N-MODEL-SUBGROUPS-0019-SERVICE_CLUSTERS
age_band,age_40_64,net_benefit,-0.06771960081289743,-0.08992572347252997,-0.04654904898751465,20874,24,service_cluster_percentile_bootstrap,reported,invalidated_for_clinical_use_sensitivity_only,invalidated_sensitivity_only,N-MODEL-SUBGROUPS-0020-ESTIMATE,N-MODEL-SUBGROUPS-0020-LOWER,N-MODEL-SUBGROUPS-0020-UPPER,N-MODEL-SUBGROUPS-0020-ROWS,N-MODEL-SUBGROUPS-0020-SERVICE_CLUSTERS
age_band,age_ge_65,sensitivity,0.0,0.0,0.0,11833,24,service_cluster_percentile_bootstrap,reported,invalidated_for_clinical_use_sensitivity_only,invalidated_sensitivity_only,N-MODEL-SUBGROUPS-0021-ESTIMATE,N-MODEL-SUBGROUPS-0021-LOWER,N-MODEL-SUBGROUPS-0021-UPPER,N-MODEL-SUBGROUPS-0021-ROWS,N-MODEL-SUBGROUPS-0021-SERVICE_CLUSTERS
age_band,age_ge_65,specificity,0.9549054318457095,0.9411213542737777,0.9685437594395633,11833,24,service_cluster_percentile_bootstrap,reported,invalidated_for_clinical_use_sensitivity_only,invalidated_sensitivity_only,N-MODEL-SUBGROUPS-0022-ESTIMATE,N-MODEL-SUBGROUPS-0022-LOWER,N-MODEL-SUBGROUPS-0022-UPPER,N-MODEL-SUBGROUPS-0022-ROWS,N-MODEL-SUBGROUPS-0022-SERVICE_CLUSTERS
age_band,age_ge_65,brier,0.2489229850376067,0.23575454446095373,0.2618906852594806,11833,24,service_cluster_percentile_bootstrap,reported,invalidated_for_clinical_use_sensitivity_only,invalidated_sensitivity_only,N-MODEL-SUBGROUPS-0023-ESTIMATE,N-MODEL-SUBGROUPS-0023-LOWER,N-MODEL-SUBGROUPS-0023-UPPER,N-MODEL-SUBGROUPS-0023-ROWS,N-MODEL-SUBGROUPS-0023-SERVICE_CLUSTERS
age_band,age_ge_65,net_benefit,-0.06673575682635982,-0.08727535640952096,-0.046555407603241165,11833,24,service_cluster_percentile_bootstrap,reported,invalidated_for_clinical_use_sensitivity_only,invalidated_sensitivity_only,N-MODEL-SUBGROUPS-0024-ESTIMATE,N-MODEL-SUBGROUPS-0024-LOWER,N-MODEL-SUBGROUPS-0024-UPPER,N-MODEL-SUBGROUPS-0024-ROWS,N-MODEL-SUBGROUPS-0024-SERVICE_CLUSTERS
age_band,age_lt_40,sensitivity,0.0,0.0,0.0,5428,24,service_cluster_percentile_bootstrap,reported,invalidated_for_clinical_use_sensitivity_only,invalidated_sensitivity_only,N-MODEL-SUBGROUPS-0025-ESTIMATE,N-MODEL-SUBGROUPS-0025-LOWER,N-MODEL-SUBGROUPS-0025-UPPER,N-MODEL-SUBGROUPS-0025-ROWS,N-MODEL-SUBGROUPS-0025-SERVICE_CLUSTERS
age_band,age_lt_40,specificity,0.9553918559443422,0.9390044464861983,0.9710645648887929,5428,24,service_cluster_percentile_bootstrap,reported,invalidated_for_clinical_use_sensitivity_only,invalidated_sensitivity_only,N-MODEL-SUBGROUPS-0026-ESTIMATE,N-MODEL-SUBGROUPS-0026-LOWER,N-MODEL-SUBGROUPS-0026-UPPER,N-MODEL-SUBGROUPS-0026-ROWS,N-MODEL-SUBGROUPS-0026-SERVICE_CLUSTERS
age_band,age_lt_40,brier,0.2549077241654385,0.24126445444215383,0.2684080618912121,5428,24,service_cluster_percentile_bootstrap,reported,invalidated_for_clinical_use_sensitivity_only,invalidated_sensitivity_only,N-MODEL-SUBGROUPS-0027-ESTIMATE,N-MODEL-SUBGROUPS-0027-LOWER,N-MODEL-SUBGROUPS-0027-UPPER,N-MODEL-SUBGROUPS-0027-ROWS,N-MODEL-SUBGROUPS-0027-SERVICE_CLUSTERS
age_band,age_lt_40,net_benefit,-0.06552767327308691,-0.09015838771909475,-0.0424609698536223,5428,24,service_cluster_percentile_bootstrap,reported,invalidated_for_clinical_use_sensitivity_only,invalidated_sensitivity_only,N-MODEL-SUBGROUPS-0028-ESTIMATE,N-MODEL-SUBGROUPS-0028-LOWER,N-MODEL-SUBGROUPS-0028-UPPER,N-MODEL-SUBGROUPS-0028-ROWS,N-MODEL-SUBGROUPS-0028-SERVICE_CLUSTERS
service,A-CARD,sensitivity,0.0,,,1794,1,suppressed_fewer_than_five_service_clusters_or_twenty_episodes,suppressed,invalidated_for_clinical_use_sensitivity_only,invalidated_sensitivity_only,N-MODEL-SUBGROUPS-0029-ESTIMATE,,,N-MODEL-SUBGROUPS-0029-ROWS,N-MODEL-SUBGROUPS-0029-SERVICE_CLUSTERS
service,A-CARD,specificity,0.9501915708812261,,,1794,1,suppressed_fewer_than_five_service_clusters_or_twenty_episodes,suppressed,invalidated_for_clinical_use_sensitivity_only,invalidated_sensitivity_only,N-MODEL-SUBGROUPS-0030-ESTIMATE,,,N-MODEL-SUBGROUPS-0030-ROWS,N-MODEL-SUBGROUPS-0030-SERVICE_CLUSTERS
service,A-CARD,brier,0.2867970847603122,,,1794,1,suppressed_fewer_than_five_service_clusters_or_twenty_episodes,suppressed,invalidated_for_clinical_use_sensitivity_only,invalidated_sensitivity_only,N-MODEL-SUBGROUPS-0031-ESTIMATE,,,N-MODEL-SUBGROUPS-0031-ROWS,N-MODEL-SUBGROUPS-0031-SERVICE_CLUSTERS
service,A-CARD,net_benefit,-0.07093821510297482,,,1794,1,suppressed_fewer_than_five_service_clusters_or_twenty_episodes,suppressed,invalidated_for_clinical_use_sensitivity_only,invalidated_sensitivity_only,N-MODEL-SUBGROUPS-0032-ESTIMATE,,,N-MODEL-SUBGROUPS-0032-ROWS,N-MODEL-SUBGROUPS-0032-SERVICE_CLUSTERS
service,A-ENT,sensitivity,0.0,,,1715,1,suppressed_fewer_than_five_service_clusters_or_twenty_episodes,suppressed,invalidated_for_clinical_use_sensitivity_only,invalidated_sensitivity_only,N-MODEL-SUBGROUPS-0033-ESTIMATE,,,N-MODEL-SUBGROUPS-0033-ROWS,N-MODEL-SUBGROUPS-0033-SERVICE_CLUSTERS
service,A-ENT,specificity,0.987565445026178,,,1715,1,suppressed_fewer_than_five_service_clusters_or_twenty_episodes,suppressed,invalidated_for_clinical_use_sensitivity_only,invalidated_sensitivity_only,N-MODEL-SUBGROUPS-0034-ESTIMATE,,,N-MODEL-SUBGROUPS-0034-ROWS,N-MODEL-SUBGROUPS-0034-SERVICE_CLUSTERS
service,A-ENT,brier,0.22880906790670552,,,1715,1,suppressed_fewer_than_five_service_clusters_or_twenty_episodes,suppressed,invalidated_for_clinical_use_sensitivity_only,invalidated_sensitivity_only,N-MODEL-SUBGROUPS-0035-ESTIMATE,,,N-MODEL-SUBGROUPS-0035-ROWS,N-MODEL-SUBGROUPS-0035-SERVICE_CLUSTERS
service,A-ENT,net_benefit,-0.018075801749271137,,,1715,1,suppressed_fewer_than_five_service_clusters_or_twenty_episodes,suppressed,invalidated_for_clinical_use_sensitivity_only,invalidated_sensitivity_only,N-MODEL-SUBGROUPS-0036-ESTIMATE,,,N-MODEL-SUBGROUPS-0036-ROWS,N-MODEL-SUBGROUPS-0036-SERVICE_CLUSTERS
service,A-GEN,sensitivity,0.0,,,1502,1,suppressed_fewer_than_five_service_clusters_or_twenty_episodes,suppressed,invalidated_for_clinical_use_sensitivity_only,invalidated_sensitivity_only,N-MODEL-SUBGROUPS-0037-ESTIMATE,,,N-MODEL-SUBGROUPS-0037-ROWS,N-MODEL-SUBGROUPS-0037-SERVICE_CLUSTERS
service,A-GEN,specificity,0.913658881811748,,,1502,1,suppressed_fewer_than_five_service_clusters_or_twenty_episodes,suppressed,invalidated_for_clinical_use_sensitivity_only,invalidated_sensitivity_only,N-MODEL-SUBGROUPS-0038-ESTIMATE,,,N-MODEL-SUBGROUPS-0038-ROWS,N-MODEL-SUBGROUPS-0038-SERVICE_CLUSTERS
service,A-GEN,brier,0.26546422047270307,,,1502,1,suppressed_fewer_than_five_service_clusters_or_twenty_episodes,suppressed,invalidated_for_clinical_use_sensitivity_only,invalidated_sensitivity_only,N-MODEL-SUBGROUPS-0039-ESTIMATE,,,N-MODEL-SUBGROUPS-0039-ROWS,N-MODEL-SUBGROUPS-0039-SERVICE_CLUSTERS
service,A-GEN,net_benefit,-0.13252505431354686,,,1502,1,suppressed_fewer_than_five_service_clusters_or_twenty_episodes,suppressed,invalidated_for_clinical_use_sensitivity_only,invalidated_sensitivity_only,N-MODEL-SUBGROUPS-0040-ESTIMATE,,,N-MODEL-SUBGROUPS-0040-ROWS,N-MODEL-SUBGROUPS-0040-SERVICE_CLUSTERS
service,A-GYN,sensitivity,0.0,,,1543,1,suppressed_fewer_than_five_service_clusters_or_twenty_episodes,suppressed,invalidated_for_clinical_use_sensitivity_only,invalidated_sensitivity_only,N-MODEL-SUBGROUPS-0041-ESTIMATE,,,N-MODEL-SUBGROUPS-0041-ROWS,N-MODEL-SUBGROUPS-0041-SERVICE_CLUSTERS
service,A-GYN,specificity,0.9685147159479809,,,1543,1,suppressed_fewer_than_five_service_clusters_or_twenty_episodes,suppressed,invalidated_for_clinical_use_sensitivity_only,invalidated_sensitivity_only,N-MODEL-SUBGROUPS-0042-ESTIMATE,,,N-MODEL-SUBGROUPS-0042-ROWS,N-MODEL-SUBGROUPS-0042-SERVICE_CLUSTERS
service,A-GYN,brier,0.2199686965392093,,,1543,1,suppressed_fewer_than_five_service_clusters_or_twenty_episodes,suppressed,invalidated_for_clinical_use_sensitivity_only,invalidated_sensitivity_only,N-MODEL-SUBGROUPS-0043-ESTIMATE,,,N-MODEL-SUBGROUPS-0043-ROWS,N-MODEL-SUBGROUPS-0043-SERVICE_CLUSTERS
service,A-GYN,net_benefit,-0.048640720401132445,,,1543,1,suppressed_fewer_than_five_service_clusters_or_twenty_episodes,suppressed,invalidated_for_clinical_use_sensitivity_only,invalidated_sensitivity_only,N-MODEL-SUBGROUPS-0044-ESTIMATE,,,N-MODEL-SUBGROUPS-0044-ROWS,N-MODEL-SUBGROUPS-0044-SERVICE_CLUSTERS
service,A-NEURO,sensitivity,0.0,,,1792,1,suppressed_fewer_than_five_service_clusters_or_twenty_episodes,suppressed,invalidated_for_clinical_use_sensitivity_only,invalidated_sensitivity_only,N-MODEL-SUBGROUPS-0045-ESTIMATE,,,N-MODEL-SUBGROUPS-0045-ROWS,N-MODEL-SUBGROUPS-0045-SERVICE_CLUSTERS
service,A-NEURO,specificity,0.9837702871410736,,,1792,1,suppressed_fewer_than_five_service_clusters_or_twenty_episodes,suppressed,invalidated_for_clinical_use_sensitivity_only,invalidated_sensitivity_only,N-MODEL-SUBGROUPS-0046-ESTIMATE,,,N-MODEL-SUBGROUPS-0046-ROWS,N-MODEL-SUBGROUPS-0046-SERVICE_CLUSTERS
service,A-NEURO,brier,0.23797719817522323,,,1792,1,suppressed_fewer_than_five_service_clusters_or_twenty_episodes,suppressed,invalidated_for_clinical_use_sensitivity_only,invalidated_sensitivity_only,N-MODEL-SUBGROUPS-0047-ESTIMATE,,,N-MODEL-SUBGROUPS-0047-ROWS,N-MODEL-SUBGROUPS-0047-SERVICE_CLUSTERS
service,A-NEURO,net_benefit,-0.02367246240601504,,,1792,1,suppressed_fewer_than_five_service_clusters_or_twenty_episodes,suppressed,invalidated_for_clinical_use_sensitivity_only,invalidated_sensitivity_only,N-MODEL-SUBGROUPS-0048-ESTIMATE,,,N-MODEL-SUBGROUPS-0048-ROWS,N-MODEL-SUBGROUPS-0048-SERVICE_CLUSTERS
service,A-OPHT,sensitivity,0.0,,,1782,1,suppressed_fewer_than_five_service_clusters_or_twenty_episodes,suppressed,invalidated_for_clinical_use_sensitivity_only,invalidated_sensitivity_only,N-MODEL-SUBGROUPS-0049-ESTIMATE,,,N-MODEL-SUBGROUPS-0049-ROWS,N-MODEL-SUBGROUPS-0049-SERVICE_CLUSTERS
service,A-OPHT,specificity,0.9576059850374065,,,1782,1,suppressed_fewer_than_five_service_clusters_or_twenty_episodes,suppressed,invalidated_for_clinical_use_sensitivity_only,invalidated_sensitivity_only,N-MODEL-SUBGROUPS-0050-ESTIMATE,,,N-MODEL-SUBGROUPS-0050-ROWS,N-MODEL-SUBGROUPS-0050-SERVICE_CLUSTERS
service,A-OPHT,brier,0.25851472293490463,,,1782,1,suppressed_fewer_than_five_service_clusters_or_twenty_episodes,suppressed,invalidated_for_clinical_use_sensitivity_only,invalidated_sensitivity_only,N-MODEL-SUBGROUPS-0051-ESTIMATE,,,N-MODEL-SUBGROUPS-0051-ROWS,N-MODEL-SUBGROUPS-0051-SERVICE_CLUSTERS
service,A-OPHT,net_benefit,-0.06226002717230787,,,1782,1,suppressed_fewer_than_five_service_clusters_or_twenty_episodes,suppressed,invalidated_for_clinical_use_sensitivity_only,invalidated_sensitivity_only,N-MODEL-SUBGROUPS-0052-ESTIMATE,,,N-MODEL-SUBGROUPS-0052-ROWS,N-MODEL-SUBGROUPS-0052-SERVICE_CLUSTERS
service,A-ORTH,sensitivity,0.0,,,1772,1,suppressed_fewer_than_five_service_clusters_or_twenty_episodes,suppressed,invalidated_for_clinical_use_sensitivity_only,invalidated_sensitivity_only,N-MODEL-SUBGROUPS-0053-ESTIMATE,,,N-MODEL-SUBGROUPS-0053-ROWS,N-MODEL-SUBGROUPS-0053-SERVICE_CLUSTERS
service,A-ORTH,specificity,0.9747245625405055,,,1772,1,suppressed_fewer_than_five_service_clusters_or_twenty_episodes,suppressed,invalidated_for_clinical_use_sensitivity_only,invalidated_sensitivity_only,N-MODEL-SUBGROUPS-0054-ESTIMATE,,,N-MODEL-SUBGROUPS-0054-ROWS,N-MODEL-SUBGROUPS-0054-SERVICE_CLUSTERS
service,A-ORTH,brier,0.2609305697742664,,,1772,1,suppressed_fewer_than_five_service_clusters_or_twenty_episodes,suppressed,invalidated_for_clinical_use_sensitivity_only,invalidated_sensitivity_only,N-MODEL-SUBGROUPS-0055-ESTIMATE,,,N-MODEL-SUBGROUPS-0055-ROWS,N-MODEL-SUBGROUPS-0055-SERVICE_CLUSTERS
service,A-ORTH,net_benefit,-0.03590946893192349,,,1772,1,suppressed_fewer_than_five_service_clusters_or_twenty_episodes,suppressed,invalidated_for_clinical_use_sensitivity_only,invalidated_sensitivity_only,N-MODEL-SUBGROUPS-0056-ESTIMATE,,,N-MODEL-SUBGROUPS-0056-ROWS,N-MODEL-SUBGROUPS-0056-SERVICE_CLUSTERS
service,A-PAED,sensitivity,0.0,,,2640,1,suppressed_fewer_than_five_service_clusters_or_twenty_episodes,suppressed,invalidated_for_clinical_use_sensitivity_only,invalidated_sensitivity_only,N-MODEL-SUBGROUPS-0057-ESTIMATE,,,N-MODEL-SUBGROUPS-0057-ROWS,N-MODEL-SUBGROUPS-0057-SERVICE_CLUSTERS
service,A-PAED,specificity,0.9080321285140562,,,2640,1,suppressed_fewer_than_five_service_clusters_or_twenty_episodes,suppressed,invalidated_for_clinical_use_sensitivity_only,invalidated_sensitivity_only,N-MODEL-SUBGROUPS-0058-ESTIMATE,,,N-MODEL-SUBGROUPS-0058-ROWS,N-MODEL-SUBGROUPS-0058-SERVICE_CLUSTERS
service,A-PAED,brier,0.2631265209734849,,,2640,1,suppressed_fewer_than_five_service_clusters_or_twenty_episodes,suppressed,invalidated_for_clinical_use_sensitivity_only,invalidated_sensitivity_only,N-MODEL-SUBGROUPS-0059-ESTIMATE,,,N-MODEL-SUBGROUPS-0059-ROWS,N-MODEL-SUBGROUPS-0059-SERVICE_CLUSTERS
service,A-PAED,net_benefit,-0.14152711323763956,,,2640,1,suppressed_fewer_than_five_service_clusters_or_twenty_episodes,suppressed,invalidated_for_clinical_use_sensitivity_only,invalidated_sensitivity_only,N-MODEL-SUBGROUPS-0060-ESTIMATE,,,N-MODEL-SUBGROUPS-0060-ROWS,N-MODEL-SUBGROUPS-0060-SERVICE_CLUSTERS
service,A-PLAS,sensitivity,0.0,,,1555,1,suppressed_fewer_than_five_service_clusters_or_twenty_episodes,suppressed,invalidated_for_clinical_use_sensitivity_only,invalidated_sensitivity_only,N-MODEL-SUBGROUPS-0061-ESTIMATE,,,N-MODEL-SUBGROUPS-0061-ROWS,N-MODEL-SUBGROUPS-0061-SERVICE_CLUSTERS
service,A-PLAS,specificity,0.9923451635351427,,,1555,1,suppressed_fewer_than_five_service_clusters_or_twenty_episodes,suppressed,invalidated_for_clinical_use_sensitivity_only,invalidated_sensitivity_only,N-MODEL-SUBGROUPS-0062-ESTIMATE,,,N-MODEL-SUBGROUPS-0062-ROWS,N-MODEL-SUBGROUPS-0062-SERVICE_CLUSTERS
service,A-PLAS,brier,0.20418797636012861,,,1555,1,suppressed_fewer_than_five_service_clusters_or_twenty_episodes,suppressed,invalidated_for_clinical_use_sensitivity_only,invalidated_sensitivity_only,N-MODEL-SUBGROUPS-0063-ESTIMATE,,,N-MODEL-SUBGROUPS-0063-ROWS,N-MODEL-SUBGROUPS-0063-SERVICE_CLUSTERS
service,A-PLAS,net_benefit,-0.011541716026400407,,,1555,1,suppressed_fewer_than_five_service_clusters_or_twenty_episodes,suppressed,invalidated_for_clinical_use_sensitivity_only,invalidated_sensitivity_only,N-MODEL-SUBGROUPS-0064-ESTIMATE,,,N-MODEL-SUBGROUPS-0064-ROWS,N-MODEL-SUBGROUPS-0064-SERVICE_CLUSTERS
service,A-THOR,sensitivity,0.0,,,1772,1,suppressed_fewer_than_five_service_clusters_or_twenty_episodes,suppressed,invalidated_for_clinical_use_sensitivity_only,invalidated_sensitivity_only,N-MODEL-SUBGROUPS-0065-ESTIMATE,,,N-MODEL-SUBGROUPS-0065-ROWS,N-MODEL-SUBGROUPS-0065-SERVICE_CLUSTERS
service,A-THOR,specificity,0.9127979924717692,,,1772,1,suppressed_fewer_than_five_service_clusters_or_twenty_episodes,suppressed,invalidated_for_clinical_use_sensitivity_only,invalidated_sensitivity_only,N-MODEL-SUBGROUPS-0066-ESTIMATE,,,N-MODEL-SUBGROUPS-0066-ROWS,N-MODEL-SUBGROUPS-0066-SERVICE_CLUSTERS
service,A-THOR,brier,0.28945851310948084,,,1772,1,suppressed_fewer_than_five_service_clusters_or_twenty_episodes,suppressed,invalidated_for_clinical_use_sensitivity_only,invalidated_sensitivity_only,N-MODEL-SUBGROUPS-0067-ESTIMATE,,,N-MODEL-SUBGROUPS-0067-ROWS,N-MODEL-SUBGROUPS-0067-SERVICE_CLUSTERS
service,A-THOR,net_benefit,-0.12798503029582986,,,1772,1,suppressed_fewer_than_five_service_clusters_or_twenty_episodes,suppressed,invalidated_for_clinical_use_sensitivity_only,invalidated_sensitivity_only,N-MODEL-SUBGROUPS-0068-ESTIMATE,,,N-MODEL-SUBGROUPS-0068-ROWS,N-MODEL-SUBGROUPS-0068-SERVICE_CLUSTERS
service,A-URO,sensitivity,0.0,,,1694,1,suppressed_fewer_than_five_service_clusters_or_twenty_episodes,suppressed,invalidated_for_clinical_use_sensitivity_only,invalidated_sensitivity_only,N-MODEL-SUBGROUPS-0069-ESTIMATE,,,N-MODEL-SUBGROUPS-0069-ROWS,N-MODEL-SUBGROUPS-0069-SERVICE_CLUSTERS
service,A-URO,specificity,0.9434464404524284,,,1694,1,suppressed_fewer_than_five_service_clusters_or_twenty_episodes,suppressed,invalidated_for_clinical_use_sensitivity_only,invalidated_sensitivity_only,N-MODEL-SUBGROUPS-0070-ESTIMATE,,,N-MODEL-SUBGROUPS-0070-ROWS,N-MODEL-SUBGROUPS-0070-SERVICE_CLUSTERS
service,A-URO,brier,0.2775981780283353,,,1694,1,suppressed_fewer_than_five_service_clusters_or_twenty_episodes,suppressed,invalidated_for_clinical_use_sensitivity_only,invalidated_sensitivity_only,N-MODEL-SUBGROUPS-0071-ESTIMATE,,,N-MODEL-SUBGROUPS-0071-ROWS,N-MODEL-SUBGROUPS-0071-SERVICE_CLUSTERS
service,A-URO,net_benefit,-0.08186789287267757,,,1694,1,suppressed_fewer_than_five_service_clusters_or_twenty_episodes,suppressed,invalidated_for_clinical_use_sensitivity_only,invalidated_sensitivity_only,N-MODEL-SUBGROUPS-0072-ESTIMATE,,,N-MODEL-SUBGROUPS-0072-ROWS,N-MODEL-SUBGROUPS-0072-SERVICE_CLUSTERS
service,A-VASC,sensitivity,0.0,,,1522,1,suppressed_fewer_than_five_service_clusters_or_twenty_episodes,suppressed,invalidated_for_clinical_use_sensitivity_only,invalidated_sensitivity_only,N-MODEL-SUBGROUPS-0073-ESTIMATE,,,N-MODEL-SUBGROUPS-0073-ROWS,N-MODEL-SUBGROUPS-0073-SERVICE_CLUSTERS
service,A-VASC,specificity,0.9963530269876003,,,1522,1,suppressed_fewer_than_five_service_clusters_or_twenty_episodes,suppressed,invalidated_for_clinical_use_sensitivity_only,invalidated_sensitivity_only,N-MODEL-SUBGROUPS-0074-ESTIMATE,,,N-MODEL-SUBGROUPS-0074-ROWS,N-MODEL-SUBGROUPS-0074-SERVICE_CLUSTERS
service,A-VASC,brier,0.20370479251642576,,,1522,1,suppressed_fewer_than_five_service_clusters_or_twenty_episodes,suppressed,invalidated_for_clinical_use_sensitivity_only,invalidated_sensitivity_only,N-MODEL-SUBGROUPS-0075-ESTIMATE,,,N-MODEL-SUBGROUPS-0075-ROWS,N-MODEL-SUBGROUPS-0075-SERVICE_CLUSTERS
service,A-VASC,net_benefit,-0.005359983401341724,,,1522,1,suppressed_fewer_than_five_service_clusters_or_twenty_episodes,suppressed,invalidated_for_clinical_use_sensitivity_only,invalidated_sensitivity_only,N-MODEL-SUBGROUPS-0076-ESTIMATE,,,N-MODEL-SUBGROUPS-0076-ROWS,N-MODEL-SUBGROUPS-0076-SERVICE_CLUSTERS
service,B-CARD,sensitivity,0.0,,,1462,1,suppressed_fewer_than_five_service_clusters_or_twenty_episodes,suppressed,invalidated_for_clinical_use_sensitivity_only,invalidated_sensitivity_only,N-MODEL-SUBGROUPS-0077-ESTIMATE,,,N-MODEL-SUBGROUPS-0077-ROWS,N-MODEL-SUBGROUPS-0077-SERVICE_CLUSTERS
service,B-CARD,specificity,0.9373549883990719,,,1462,1,suppressed_fewer_than_five_service_clusters_or_twenty_episodes,suppressed,invalidated_for_clinical_use_sensitivity_only,invalidated_sensitivity_only,N-MODEL-SUBGROUPS-0078-ESTIMATE,,,N-MODEL-SUBGROUPS-0078-ROWS,N-MODEL-SUBGROUPS-0078-SERVICE_CLUSTERS
service,B-CARD,brier,0.2879851456087551,,,1462,1,suppressed_fewer_than_five_service_clusters_or_twenty_episodes,suppressed,invalidated_for_clinical_use_sensitivity_only,invalidated_sensitivity_only,N-MODEL-SUBGROUPS-0079-ESTIMATE,,,N-MODEL-SUBGROUPS-0079-ROWS,N-MODEL-SUBGROUPS-0079-SERVICE_CLUSTERS
service,B-CARD,net_benefit,-0.0903952768377853,,,1462,1,suppressed_fewer_than_five_service_clusters_or_twenty_episodes,suppressed,invalidated_for_clinical_use_sensitivity_only,invalidated_sensitivity_only,N-MODEL-SUBGROUPS-0080-ESTIMATE,,,N-MODEL-SUBGROUPS-0080-ROWS,N-MODEL-SUBGROUPS-0080-SERVICE_CLUSTERS
service,B-ENT,sensitivity,0.0,,,1369,1,suppressed_fewer_than_five_service_clusters_or_twenty_episodes,suppressed,invalidated_for_clinical_use_sensitivity_only,invalidated_sensitivity_only,N-MODEL-SUBGROUPS-0081-ESTIMATE,,,N-MODEL-SUBGROUPS-0081-ROWS,N-MODEL-SUBGROUPS-0081-SERVICE_CLUSTERS
service,B-ENT,specificity,0.9368061485909479,,,1369,1,suppressed_fewer_than_five_service_clusters_or_twenty_episodes,suppressed,invalidated_for_clinical_use_sensitivity_only,invalidated_sensitivity_only,N-MODEL-SUBGROUPS-0082-ESTIMATE,,,N-MODEL-SUBGROUPS-0082-ROWS,N-MODEL-SUBGROUPS-0082-SERVICE_CLUSTERS
service,B-ENT,brier,0.29845724735573415,,,1369,1,suppressed_fewer_than_five_service_clusters_or_twenty_episodes,suppressed,invalidated_for_clinical_use_sensitivity_only,invalidated_sensitivity_only,N-MODEL-SUBGROUPS-0083-ESTIMATE,,,N-MODEL-SUBGROUPS-0083-ROWS,N-MODEL-SUBGROUPS-0083-SERVICE_CLUSTERS
service,B-ENT,net_benefit,-0.08819345661450925,,,1369,1,suppressed_fewer_than_five_service_clusters_or_twenty_episodes,suppressed,invalidated_for_clinical_use_sensitivity_only,invalidated_sensitivity_only,N-MODEL-SUBGROUPS-0084-ESTIMATE,,,N-MODEL-SUBGROUPS-0084-ROWS,N-MODEL-SUBGROUPS-0084-SERVICE_CLUSTERS
service,B-GEN,sensitivity,0.0,,,1362,1,suppressed_fewer_than_five_service_clusters_or_twenty_episodes,suppressed,invalidated_for_clinical_use_sensitivity_only,invalidated_sensitivity_only,N-MODEL-SUBGROUPS-0085-ESTIMATE,,,N-MODEL-SUBGROUPS-0085-ROWS,N-MODEL-SUBGROUPS-0085-SERVICE_CLUSTERS
service,B-GEN,specificity,0.9975103734439834,,,1362,1,suppressed_fewer_than_five_service_clusters_or_twenty_episodes,suppressed,invalidated_for_clinical_use_sensitivity_only,invalidated_sensitivity_only,N-MODEL-SUBGROUPS-0086-ESTIMATE,,,N-MODEL-SUBGROUPS-0086-ROWS,N-MODEL-SUBGROUPS-0086-SERVICE_CLUSTERS
service,B-GEN,brier,0.214181493113069,,,1362,1,suppressed_fewer_than_five_service_clusters_or_twenty_episodes,suppressed,invalidated_for_clinical_use_sensitivity_only,invalidated_sensitivity_only,N-MODEL-SUBGROUPS-0087-ESTIMATE,,,N-MODEL-SUBGROUPS-0087-ROWS,N-MODEL-SUBGROUPS-0087-SERVICE_CLUSTERS
service,B-GEN,net_benefit,-0.003593786227683747,,,1362,1,suppressed_fewer_than_five_service_clusters_or_twenty_episodes,suppressed,invalidated_for_clinical_use_sensitivity_only,invalidated_sensitivity_only,N-MODEL-SUBGROUPS-0088-ESTIMATE,,,N-MODEL-SUBGROUPS-0088-ROWS,N-MODEL-SUBGROUPS-0088-SERVICE_CLUSTERS
service,B-GYN,sensitivity,0.0,,,1405,1,suppressed_fewer_than_five_service_clusters_or_twenty_episodes,suppressed,invalidated_for_clinical_use_sensitivity_only,invalidated_sensitivity_only,N-MODEL-SUBGROUPS-0089-ESTIMATE,,,N-MODEL-SUBGROUPS-0089-ROWS,N-MODEL-SUBGROUPS-0089-SERVICE_CLUSTERS
service,B-GYN,specificity,0.9850039463299132,,,1405,1,suppressed_fewer_than_five_service_clusters_or_twenty_episodes,suppressed,invalidated_for_clinical_use_sensitivity_only,invalidated_sensitivity_only,N-MODEL-SUBGROUPS-0090-ESTIMATE,,,N-MODEL-SUBGROUPS-0090-ROWS,N-MODEL-SUBGROUPS-0090-SERVICE_CLUSTERS
service,B-GYN,brier,0.2366641680142349,,,1405,1,suppressed_fewer_than_five_service_clusters_or_twenty_episodes,suppressed,invalidated_for_clinical_use_sensitivity_only,invalidated_sensitivity_only,N-MODEL-SUBGROUPS-0091-ESTIMATE,,,N-MODEL-SUBGROUPS-0091-ROWS,N-MODEL-SUBGROUPS-0091-SERVICE_CLUSTERS
service,B-GYN,net_benefit,-0.02206405693950178,,,1405,1,suppressed_fewer_than_five_service_clusters_or_twenty_episodes,suppressed,invalidated_for_clinical_use_sensitivity_only,invalidated_sensitivity_only,N-MODEL-SUBGROUPS-0092-ESTIMATE,,,N-MODEL-SUBGROUPS-0092-ROWS,N-MODEL-SUBGROUPS-0092-SERVICE_CLUSTERS
service,B-NEURO,sensitivity,0.0,,,1471,1,suppressed_fewer_than_five_service_clusters_or_twenty_episodes,suppressed,invalidated_for_clinical_use_sensitivity_only,invalidated_sensitivity_only,N-MODEL-SUBGROUPS-0093-ESTIMATE,,,N-MODEL-SUBGROUPS-0093-ROWS,N-MODEL-SUBGROUPS-0093-SERVICE_CLUSTERS
service,B-NEURO,specificity,0.9728301886792453,,,1471,1,suppressed_fewer_than_five_service_clusters_or_twenty_episodes,suppressed,invalidated_for_clinical_use_sensitivity_only,invalidated_sensitivity_only,N-MODEL-SUBGROUPS-0094-ESTIMATE,,,N-MODEL-SUBGROUPS-0094-ROWS,N-MODEL-SUBGROUPS-0094-SERVICE_CLUSTERS
service,B-NEURO,brier,0.24308335847042825,,,1471,1,suppressed_fewer_than_five_service_clusters_or_twenty_episodes,suppressed,invalidated_for_clinical_use_sensitivity_only,invalidated_sensitivity_only,N-MODEL-SUBGROUPS-0095-ESTIMATE,,,N-MODEL-SUBGROUPS-0095-ROWS,N-MODEL-SUBGROUPS-0095-SERVICE_CLUSTERS
service,B-NEURO,net_benefit,-0.03992987226734409,,,1471,1,suppressed_fewer_than_five_service_clusters_or_twenty_episodes,suppressed,invalidated_for_clinical_use_sensitivity_only,invalidated_sensitivity_only,N-MODEL-SUBGROUPS-0096-ESTIMATE,,,N-MODEL-SUBGROUPS-0096-ROWS,N-MODEL-SUBGROUPS-0096-SERVICE_CLUSTERS
service,B-OPHT,sensitivity,0.0,,,1391,1,suppressed_fewer_than_five_service_clusters_or_twenty_episodes,suppressed,invalidated_for_clinical_use_sensitivity_only,invalidated_sensitivity_only,N-MODEL-SUBGROUPS-0097-ESTIMATE,,,N-MODEL-SUBGROUPS-0097-ROWS,N-MODEL-SUBGROUPS-0097-SERVICE_CLUSTERS
service,B-OPHT,specificity,0.9938366718027735,,,1391,1,suppressed_fewer_than_five_service_clusters_or_twenty_episodes,suppressed,invalidated_for_clinical_use_sensitivity_only,invalidated_sensitivity_only,N-MODEL-SUBGROUPS-0098-ESTIMATE,,,N-MODEL-SUBGROUPS-0098-ROWS,N-MODEL-SUBGROUPS-0098-SERVICE_CLUSTERS
service,B-OPHT,brier,0.1949166790869878,,,1391,1,suppressed_fewer_than_five_service_clusters_or_twenty_episodes,suppressed,invalidated_for_clinical_use_sensitivity_only,invalidated_sensitivity_only,N-MODEL-SUBGROUPS-0099-ESTIMATE,,,N-MODEL-SUBGROUPS-0099-ROWS,N-MODEL-SUBGROUPS-0099-SERVICE_CLUSTERS
service,B-OPHT,net_benefit,-0.009383631616784594,,,1391,1,suppressed_fewer_than_five_service_clusters_or_twenty_episodes,suppressed,invalidated_for_clinical_use_sensitivity_only,invalidated_sensitivity_only,N-MODEL-SUBGROUPS-0100-ESTIMATE,,,N-MODEL-SUBGROUPS-0100-ROWS,N-MODEL-SUBGROUPS-0100-SERVICE_CLUSTERS
service,B-ORTH,sensitivity,0.0,,,1443,1,suppressed_fewer_than_five_service_clusters_or_twenty_episodes,suppressed,invalidated_for_clinical_use_sensitivity_only,invalidated_sensitivity_only,N-MODEL-SUBGROUPS-0101-ESTIMATE,,,N-MODEL-SUBGROUPS-0101-ROWS,N-MODEL-SUBGROUPS-0101-SERVICE_CLUSTERS
service,B-ORTH,specificity,0.9183823529411764,,,1443,1,suppressed_fewer_than_five_service_clusters_or_twenty_episodes,suppressed,invalidated_for_clinical_use_sensitivity_only,invalidated_sensitivity_only,N-MODEL-SUBGROUPS-0102-ESTIMATE,,,N-MODEL-SUBGROUPS-0102-ROWS,N-MODEL-SUBGROUPS-0102-SERVICE_CLUSTERS
service,B-ORTH,brier,0.2644890462092862,,,1443,1,suppressed_fewer_than_five_service_clusters_or_twenty_episodes,suppressed,invalidated_for_clinical_use_sensitivity_only,invalidated_sensitivity_only,N-MODEL-SUBGROUPS-0103-ESTIMATE,,,N-MODEL-SUBGROUPS-0103-ROWS,N-MODEL-SUBGROUPS-0103-SERVICE_CLUSTERS
service,B-ORTH,net_benefit,-0.12550607287449392,,,1443,1,suppressed_fewer_than_five_service_clusters_or_twenty_episodes,suppressed,invalidated_for_clinical_use_sensitivity_only,invalidated_sensitivity_only,N-MODEL-SUBGROUPS-0104-ESTIMATE,,,N-MODEL-SUBGROUPS-0104-ROWS,N-MODEL-SUBGROUPS-0104-SERVICE_CLUSTERS
service,B-PAED,sensitivity,0.0,,,1399,1,suppressed_fewer_than_five_service_clusters_or_twenty_episodes,suppressed,invalidated_for_clinical_use_sensitivity_only,invalidated_sensitivity_only,N-MODEL-SUBGROUPS-0105-ESTIMATE,,,N-MODEL-SUBGROUPS-0105-ROWS,N-MODEL-SUBGROUPS-0105-SERVICE_CLUSTERS
service,B-PAED,specificity,0.9897879025923016,,,1399,1,suppressed_fewer_than_five_service_clusters_or_twenty_episodes,suppressed,invalidated_for_clinical_use_sensitivity_only,invalidated_sensitivity_only,N-MODEL-SUBGROUPS-0106-ESTIMATE,,,N-MODEL-SUBGROUPS-0106-ROWS,N-MODEL-SUBGROUPS-0106-SERVICE_CLUSTERS
service,B-PAED,brier,0.21063987629735526,,,1399,1,suppressed_fewer_than_five_service_clusters_or_twenty_episodes,suppressed,invalidated_for_clinical_use_sensitivity_only,invalidated_sensitivity_only,N-MODEL-SUBGROUPS-0107-ESTIMATE,,,N-MODEL-SUBGROUPS-0107-ROWS,N-MODEL-SUBGROUPS-0107-SERVICE_CLUSTERS
service,B-PAED,net_benefit,-0.01516120537225838,,,1399,1,suppressed_fewer_than_five_service_clusters_or_twenty_episodes,suppressed,invalidated_for_clinical_use_sensitivity_only,invalidated_sensitivity_only,N-MODEL-SUBGROUPS-0108-ESTIMATE,,,N-MODEL-SUBGROUPS-0108-ROWS,N-MODEL-SUBGROUPS-0108-SERVICE_CLUSTERS
service,B-PLAS,sensitivity,0.0,,,1417,1,suppressed_fewer_than_five_service_clusters_or_twenty_episodes,suppressed,invalidated_for_clinical_use_sensitivity_only,invalidated_sensitivity_only,N-MODEL-SUBGROUPS-0109-ESTIMATE,,,N-MODEL-SUBGROUPS-0109-ROWS,N-MODEL-SUBGROUPS-0109-SERVICE_CLUSTERS
service,B-PLAS,specificity,0.9151857835218093,,,1417,1,suppressed_fewer_than_five_service_clusters_or_twenty_episodes,suppressed,invalidated_for_clinical_use_sensitivity_only,invalidated_sensitivity_only,N-MODEL-SUBGROUPS-0110-ESTIMATE,,,N-MODEL-SUBGROUPS-0110-ROWS,N-MODEL-SUBGROUPS-0110-SERVICE_CLUSTERS
service,B-PLAS,brier,0.297053267141849,,,1417,1,suppressed_fewer_than_five_service_clusters_or_twenty_episodes,suppressed,invalidated_for_clinical_use_sensitivity_only,invalidated_sensitivity_only,N-MODEL-SUBGROUPS-0111-ESTIMATE,,,N-MODEL-SUBGROUPS-0111-ROWS,N-MODEL-SUBGROUPS-0111-SERVICE_CLUSTERS
service,B-PLAS,net_benefit,-0.12090034542955838,,,1417,1,suppressed_fewer_than_five_service_clusters_or_twenty_episodes,suppressed,invalidated_for_clinical_use_sensitivity_only,invalidated_sensitivity_only,N-MODEL-SUBGROUPS-0112-ESTIMATE,,,N-MODEL-SUBGROUPS-0112-ROWS,N-MODEL-SUBGROUPS-0112-SERVICE_CLUSTERS
service,B-THOR,sensitivity,0.006134969325153374,,,1396,1,suppressed_fewer_than_five_service_clusters_or_twenty_episodes,suppressed,invalidated_for_clinical_use_sensitivity_only,invalidated_sensitivity_only,N-MODEL-SUBGROUPS-0113-ESTIMATE,,,N-MODEL-SUBGROUPS-0113-ROWS,N-MODEL-SUBGROUPS-0113-SERVICE_CLUSTERS
service,B-THOR,specificity,0.8718572587185726,,,1396,1,suppressed_fewer_than_five_service_clusters_or_twenty_episodes,suppressed,invalidated_for_clinical_use_sensitivity_only,invalidated_sensitivity_only,N-MODEL-SUBGROUPS-0114-ESTIMATE,,,N-MODEL-SUBGROUPS-0114-ROWS,N-MODEL-SUBGROUPS-0114-SERVICE_CLUSTERS
service,B-THOR,brier,0.31342171216332376,,,1396,1,suppressed_fewer_than_five_service_clusters_or_twenty_episodes,suppressed,invalidated_for_clinical_use_sensitivity_only,invalidated_sensitivity_only,N-MODEL-SUBGROUPS-0115-ESTIMATE,,,N-MODEL-SUBGROUPS-0115-ROWS,N-MODEL-SUBGROUPS-0115-SERVICE_CLUSTERS
service,B-THOR,net_benefit,-0.1839466143869703,,,1396,1,suppressed_fewer_than_five_service_clusters_or_twenty_episodes,suppressed,invalidated_for_clinical_use_sensitivity_only,invalidated_sensitivity_only,N-MODEL-SUBGROUPS-0116-ESTIMATE,,,N-MODEL-SUBGROUPS-0116-ROWS,N-MODEL-SUBGROUPS-0116-SERVICE_CLUSTERS
service,B-URO,sensitivity,0.0,,,1514,1,suppressed_fewer_than_five_service_clusters_or_twenty_episodes,suppressed,invalidated_for_clinical_use_sensitivity_only,invalidated_sensitivity_only,N-MODEL-SUBGROUPS-0117-ESTIMATE,,,N-MODEL-SUBGROUPS-0117-ROWS,N-MODEL-SUBGROUPS-0117-SERVICE_CLUSTERS
service,B-URO,specificity,0.9948339483394834,,,1514,1,suppressed_fewer_than_five_service_clusters_or_twenty_episodes,suppressed,invalidated_for_clinical_use_sensitivity_only,invalidated_sensitivity_only,N-MODEL-SUBGROUPS-0118-ESTIMATE,,,N-MODEL-SUBGROUPS-0118-ROWS,N-MODEL-SUBGROUPS-0118-SERVICE_CLUSTERS
service,B-URO,brier,0.21005630112285334,,,1514,1,suppressed_fewer_than_five_service_clusters_or_twenty_episodes,suppressed,invalidated_for_clinical_use_sensitivity_only,invalidated_sensitivity_only,N-MODEL-SUBGROUPS-0119-ESTIMATE,,,N-MODEL-SUBGROUPS-0119-ROWS,N-MODEL-SUBGROUPS-0119-SERVICE_CLUSTERS
service,B-URO,net_benefit,-0.0075436278940415775,,,1514,1,suppressed_fewer_than_five_service_clusters_or_twenty_episodes,suppressed,invalidated_for_clinical_use_sensitivity_only,invalidated_sensitivity_only,N-MODEL-SUBGROUPS-0120-ESTIMATE,,,N-MODEL-SUBGROUPS-0120-ROWS,N-MODEL-SUBGROUPS-0120-SERVICE_CLUSTERS
service,B-VASC,sensitivity,0.0,,,1423,1,suppressed_fewer_than_five_service_clusters_or_twenty_episodes,suppressed,invalidated_for_clinical_use_sensitivity_only,invalidated_sensitivity_only,N-MODEL-SUBGROUPS-0121-ESTIMATE,,,N-MODEL-SUBGROUPS-0121-ROWS,N-MODEL-SUBGROUPS-0121-SERVICE_CLUSTERS
service,B-VASC,specificity,0.9349289454001496,,,1423,1,suppressed_fewer_than_five_service_clusters_or_twenty_episodes,suppressed,invalidated_for_clinical_use_sensitivity_only,invalidated_sensitivity_only,N-MODEL-SUBGROUPS-0122-ESTIMATE,,,N-MODEL-SUBGROUPS-0122-ROWS,N-MODEL-SUBGROUPS-0122-SERVICE_CLUSTERS
service,B-VASC,brier,0.2561435440899508,,,1423,1,suppressed_fewer_than_five_service_clusters_or_twenty_episodes,suppressed,invalidated_for_clinical_use_sensitivity_only,invalidated_sensitivity_only,N-MODEL-SUBGROUPS-0123-ESTIMATE,,,N-MODEL-SUBGROUPS-0123-ROWS,N-MODEL-SUBGROUPS-0123-SERVICE_CLUSTERS
service,B-VASC,net_benefit,-0.09975219144135813,,,1423,1,suppressed_fewer_than_five_service_clusters_or_twenty_episodes,suppressed,invalidated_for_clinical_use_sensitivity_only,invalidated_sensitivity_only,N-MODEL-SUBGROUPS-0124-ESTIMATE,,,N-MODEL-SUBGROUPS-0124-ROWS,N-MODEL-SUBGROUPS-0124-SERVICE_CLUSTERS
