context,bin,n,score_min,score_max,mean_predicted,observed_rate,observed_lower,observed_upper,service_clusters,interval_method,validity,quantity_status,limitation,bin_number_id,n_number_id,score_min_number_id,score_max_number_id,mean_predicted_number_id,observed_rate_number_id,observed_lower_number_id,observed_upper_number_id,service_clusters_number_id
all_observed_proxy_outcomes,1,3813,0.0184,0.1455,0.08777783897193811,0.8271702071859428,0.8103690096051084,0.84270424780485,24,service_cluster_percentile_bootstrap,invalidated_for_clinical_use_sensitivity_only,invalidated_sensitivity_only,outcome_proxy_and_feature_lineage_not_clinically_authorized,N-MODEL-CALIBRATION-0001-BIN,N-MODEL-CALIBRATION-0001-N,N-MODEL-CALIBRATION-0001-SCORE_MIN,N-MODEL-CALIBRATION-0001-SCORE_MAX,N-MODEL-CALIBRATION-0001-MEAN_PREDICTED,N-MODEL-CALIBRATION-0001-OBSERVED_RATE,N-MODEL-CALIBRATION-0001-OBSERVED_LOWER,N-MODEL-CALIBRATION-0001-OBSERVED_UPPER,N-MODEL-CALIBRATION-0001-SERVICE_CLUSTERS
all_observed_proxy_outcomes,2,3814,0.1455,0.2745,0.22424027267960145,0.1324069218668065,0.0838898123923279,0.1970373424879506,24,service_cluster_percentile_bootstrap,invalidated_for_clinical_use_sensitivity_only,invalidated_sensitivity_only,outcome_proxy_and_feature_lineage_not_clinically_authorized,N-MODEL-CALIBRATION-0002-BIN,N-MODEL-CALIBRATION-0002-N,N-MODEL-CALIBRATION-0002-SCORE_MIN,N-MODEL-CALIBRATION-0002-SCORE_MAX,N-MODEL-CALIBRATION-0002-MEAN_PREDICTED,N-MODEL-CALIBRATION-0002-OBSERVED_RATE,N-MODEL-CALIBRATION-0002-OBSERVED_LOWER,N-MODEL-CALIBRATION-0002-OBSERVED_UPPER,N-MODEL-CALIBRATION-0002-SERVICE_CLUSTERS
all_observed_proxy_outcomes,3,3813,0.2745,0.3276,0.30309740361919746,0.0013113034356150013,0.00023820867079561695,0.0028902198314359503,24,service_cluster_percentile_bootstrap,invalidated_for_clinical_use_sensitivity_only,invalidated_sensitivity_only,outcome_proxy_and_feature_lineage_not_clinically_authorized,N-MODEL-CALIBRATION-0003-BIN,N-MODEL-CALIBRATION-0003-N,N-MODEL-CALIBRATION-0003-SCORE_MIN,N-MODEL-CALIBRATION-0003-SCORE_MAX,N-MODEL-CALIBRATION-0003-MEAN_PREDICTED,N-MODEL-CALIBRATION-0003-OBSERVED_RATE,N-MODEL-CALIBRATION-0003-OBSERVED_LOWER,N-MODEL-CALIBRATION-0003-OBSERVED_UPPER,N-MODEL-CALIBRATION-0003-SERVICE_CLUSTERS
all_observed_proxy_outcomes,4,3814,0.3276,0.3695,0.34885477189302566,0.00026219192448872575,0.0,0.0008101648713579728,24,service_cluster_percentile_bootstrap,invalidated_for_clinical_use_sensitivity_only,invalidated_sensitivity_only,outcome_proxy_and_feature_lineage_not_clinically_authorized,N-MODEL-CALIBRATION-0004-BIN,N-MODEL-CALIBRATION-0004-N,N-MODEL-CALIBRATION-0004-SCORE_MIN,N-MODEL-CALIBRATION-0004-SCORE_MAX,N-MODEL-CALIBRATION-0004-MEAN_PREDICTED,N-MODEL-CALIBRATION-0004-OBSERVED_RATE,N-MODEL-CALIBRATION-0004-OBSERVED_LOWER,N-MODEL-CALIBRATION-0004-OBSERVED_UPPER,N-MODEL-CALIBRATION-0004-SERVICE_CLUSTERS
all_observed_proxy_outcomes,5,3813,0.3695,0.4066,0.3883959349593496,0.0,0.0,0.0,24,service_cluster_percentile_bootstrap,invalidated_for_clinical_use_sensitivity_only,invalidated_sensitivity_only,outcome_proxy_and_feature_lineage_not_clinically_authorized,N-MODEL-CALIBRATION-0005-BIN,N-MODEL-CALIBRATION-0005-N,N-MODEL-CALIBRATION-0005-SCORE_MIN,N-MODEL-CALIBRATION-0005-SCORE_MAX,N-MODEL-CALIBRATION-0005-MEAN_PREDICTED,N-MODEL-CALIBRATION-0005-OBSERVED_RATE,N-MODEL-CALIBRATION-0005-OBSERVED_LOWER,N-MODEL-CALIBRATION-0005-OBSERVED_UPPER,N-MODEL-CALIBRATION-0005-SERVICE_CLUSTERS
all_observed_proxy_outcomes,6,3814,0.4066,0.4424,0.4245404824331411,0.00026219192448872575,0.0,0.000823282429982406,24,service_cluster_percentile_bootstrap,invalidated_for_clinical_use_sensitivity_only,invalidated_sensitivity_only,outcome_proxy_and_feature_lineage_not_clinically_authorized,N-MODEL-CALIBRATION-0006-BIN,N-MODEL-CALIBRATION-0006-N,N-MODEL-CALIBRATION-0006-SCORE_MIN,N-MODEL-CALIBRATION-0006-SCORE_MAX,N-MODEL-CALIBRATION-0006-MEAN_PREDICTED,N-MODEL-CALIBRATION-0006-OBSERVED_RATE,N-MODEL-CALIBRATION-0006-OBSERVED_LOWER,N-MODEL-CALIBRATION-0006-OBSERVED_UPPER,N-MODEL-CALIBRATION-0006-SERVICE_CLUSTERS
all_observed_proxy_outcomes,7,3813,0.4424,0.4784,0.4602725150799895,0.0,0.0,0.0,24,service_cluster_percentile_bootstrap,invalidated_for_clinical_use_sensitivity_only,invalidated_sensitivity_only,outcome_proxy_and_feature_lineage_not_clinically_authorized,N-MODEL-CALIBRATION-0007-BIN,N-MODEL-CALIBRATION-0007-N,N-MODEL-CALIBRATION-0007-SCORE_MIN,N-MODEL-CALIBRATION-0007-SCORE_MAX,N-MODEL-CALIBRATION-0007-MEAN_PREDICTED,N-MODEL-CALIBRATION-0007-OBSERVED_RATE,N-MODEL-CALIBRATION-0007-OBSERVED_LOWER,N-MODEL-CALIBRATION-0007-OBSERVED_UPPER,N-MODEL-CALIBRATION-0007-SERVICE_CLUSTERS
all_observed_proxy_outcomes,8,3814,0.4784,0.5185,0.4976909281594127,0.0,0.0,0.0,24,service_cluster_percentile_bootstrap,invalidated_for_clinical_use_sensitivity_only,invalidated_sensitivity_only,outcome_proxy_and_feature_lineage_not_clinically_authorized,N-MODEL-CALIBRATION-0008-BIN,N-MODEL-CALIBRATION-0008-N,N-MODEL-CALIBRATION-0008-SCORE_MIN,N-MODEL-CALIBRATION-0008-SCORE_MAX,N-MODEL-CALIBRATION-0008-MEAN_PREDICTED,N-MODEL-CALIBRATION-0008-OBSERVED_RATE,N-MODEL-CALIBRATION-0008-OBSERVED_LOWER,N-MODEL-CALIBRATION-0008-OBSERVED_UPPER,N-MODEL-CALIBRATION-0008-SERVICE_CLUSTERS
all_observed_proxy_outcomes,9,3813,0.5185,0.5719,0.5430703120902177,0.00026226068712300026,0.0,0.0009003736589201875,24,service_cluster_percentile_bootstrap,invalidated_for_clinical_use_sensitivity_only,invalidated_sensitivity_only,outcome_proxy_and_feature_lineage_not_clinically_authorized,N-MODEL-CALIBRATION-0009-BIN,N-MODEL-CALIBRATION-0009-N,N-MODEL-CALIBRATION-0009-SCORE_MIN,N-MODEL-CALIBRATION-0009-SCORE_MAX,N-MODEL-CALIBRATION-0009-MEAN_PREDICTED,N-MODEL-CALIBRATION-0009-OBSERVED_RATE,N-MODEL-CALIBRATION-0009-OBSERVED_LOWER,N-MODEL-CALIBRATION-0009-OBSERVED_UPPER,N-MODEL-CALIBRATION-0009-SERVICE_CLUSTERS
all_observed_proxy_outcomes,10,3814,0.5719,0.7601,0.6205819087572102,0.00026219192448872575,0.0,0.0008195154979595991,24,service_cluster_percentile_bootstrap,invalidated_for_clinical_use_sensitivity_only,invalidated_sensitivity_only,outcome_proxy_and_feature_lineage_not_clinically_authorized,N-MODEL-CALIBRATION-0010-BIN,N-MODEL-CALIBRATION-0010-N,N-MODEL-CALIBRATION-0010-SCORE_MIN,N-MODEL-CALIBRATION-0010-SCORE_MAX,N-MODEL-CALIBRATION-0010-MEAN_PREDICTED,N-MODEL-CALIBRATION-0010-OBSERVED_RATE,N-MODEL-CALIBRATION-0010-OBSERVED_LOWER,N-MODEL-CALIBRATION-0010-OBSERVED_UPPER,N-MODEL-CALIBRATION-0010-SERVICE_CLUSTERS
same_referral_day_only,1,789,0.0236,0.1302,0.08160038022813688,0.9011406844106464,0.8805253766544088,0.921390603717583,24,service_cluster_percentile_bootstrap,invalidated_for_clinical_use_sensitivity_only,invalidated_sensitivity_only,outcome_proxy_and_feature_lineage_not_clinically_authorized,N-MODEL-CALIBRATION-0011-BIN,N-MODEL-CALIBRATION-0011-N,N-MODEL-CALIBRATION-0011-SCORE_MIN,N-MODEL-CALIBRATION-0011-SCORE_MAX,N-MODEL-CALIBRATION-0011-MEAN_PREDICTED,N-MODEL-CALIBRATION-0011-OBSERVED_RATE,N-MODEL-CALIBRATION-0011-OBSERVED_LOWER,N-MODEL-CALIBRATION-0011-OBSERVED_UPPER,N-MODEL-CALIBRATION-0011-SERVICE_CLUSTERS
same_referral_day_only,2,789,0.1302,0.2641,0.20486552598225602,0.2915082382762991,0.19477366179794092,0.4062015503875969,24,service_cluster_percentile_bootstrap,invalidated_for_clinical_use_sensitivity_only,invalidated_sensitivity_only,outcome_proxy_and_feature_lineage_not_clinically_authorized,N-MODEL-CALIBRATION-0012-BIN,N-MODEL-CALIBRATION-0012-N,N-MODEL-CALIBRATION-0012-SCORE_MIN,N-MODEL-CALIBRATION-0012-SCORE_MAX,N-MODEL-CALIBRATION-0012-MEAN_PREDICTED,N-MODEL-CALIBRATION-0012-OBSERVED_RATE,N-MODEL-CALIBRATION-0012-OBSERVED_LOWER,N-MODEL-CALIBRATION-0012-OBSERVED_UPPER,N-MODEL-CALIBRATION-0012-SERVICE_CLUSTERS
same_referral_day_only,3,789,0.2642,0.3211,0.2944679340937896,0.0,0.0,0.0,24,service_cluster_percentile_bootstrap,invalidated_for_clinical_use_sensitivity_only,invalidated_sensitivity_only,outcome_proxy_and_feature_lineage_not_clinically_authorized,N-MODEL-CALIBRATION-0013-BIN,N-MODEL-CALIBRATION-0013-N,N-MODEL-CALIBRATION-0013-SCORE_MIN,N-MODEL-CALIBRATION-0013-SCORE_MAX,N-MODEL-CALIBRATION-0013-MEAN_PREDICTED,N-MODEL-CALIBRATION-0013-OBSERVED_RATE,N-MODEL-CALIBRATION-0013-OBSERVED_LOWER,N-MODEL-CALIBRATION-0013-OBSERVED_UPPER,N-MODEL-CALIBRATION-0013-SERVICE_CLUSTERS
same_referral_day_only,4,789,0.3211,0.366,0.3440351077313054,0.0,0.0,0.0,24,service_cluster_percentile_bootstrap,invalidated_for_clinical_use_sensitivity_only,invalidated_sensitivity_only,outcome_proxy_and_feature_lineage_not_clinically_authorized,N-MODEL-CALIBRATION-0014-BIN,N-MODEL-CALIBRATION-0014-N,N-MODEL-CALIBRATION-0014-SCORE_MIN,N-MODEL-CALIBRATION-0014-SCORE_MAX,N-MODEL-CALIBRATION-0014-MEAN_PREDICTED,N-MODEL-CALIBRATION-0014-OBSERVED_RATE,N-MODEL-CALIBRATION-0014-OBSERVED_LOWER,N-MODEL-CALIBRATION-0014-OBSERVED_UPPER,N-MODEL-CALIBRATION-0014-SERVICE_CLUSTERS
same_referral_day_only,5,789,0.366,0.4034,0.38453143219264896,0.0,0.0,0.0,24,service_cluster_percentile_bootstrap,invalidated_for_clinical_use_sensitivity_only,invalidated_sensitivity_only,outcome_proxy_and_feature_lineage_not_clinically_authorized,N-MODEL-CALIBRATION-0015-BIN,N-MODEL-CALIBRATION-0015-N,N-MODEL-CALIBRATION-0015-SCORE_MIN,N-MODEL-CALIBRATION-0015-SCORE_MAX,N-MODEL-CALIBRATION-0015-MEAN_PREDICTED,N-MODEL-CALIBRATION-0015-OBSERVED_RATE,N-MODEL-CALIBRATION-0015-OBSERVED_LOWER,N-MODEL-CALIBRATION-0015-OBSERVED_UPPER,N-MODEL-CALIBRATION-0015-SERVICE_CLUSTERS
same_referral_day_only,6,789,0.4034,0.4383,0.42135766793409374,0.0,0.0,0.0,24,service_cluster_percentile_bootstrap,invalidated_for_clinical_use_sensitivity_only,invalidated_sensitivity_only,outcome_proxy_and_feature_lineage_not_clinically_authorized,N-MODEL-CALIBRATION-0016-BIN,N-MODEL-CALIBRATION-0016-N,N-MODEL-CALIBRATION-0016-SCORE_MIN,N-MODEL-CALIBRATION-0016-SCORE_MAX,N-MODEL-CALIBRATION-0016-MEAN_PREDICTED,N-MODEL-CALIBRATION-0016-OBSERVED_RATE,N-MODEL-CALIBRATION-0016-OBSERVED_LOWER,N-MODEL-CALIBRATION-0016-OBSERVED_UPPER,N-MODEL-CALIBRATION-0016-SERVICE_CLUSTERS
same_referral_day_only,7,789,0.4383,0.4777,0.4583996197718631,0.0,0.0,0.0,24,service_cluster_percentile_bootstrap,invalidated_for_clinical_use_sensitivity_only,invalidated_sensitivity_only,outcome_proxy_and_feature_lineage_not_clinically_authorized,N-MODEL-CALIBRATION-0017-BIN,N-MODEL-CALIBRATION-0017-N,N-MODEL-CALIBRATION-0017-SCORE_MIN,N-MODEL-CALIBRATION-0017-SCORE_MAX,N-MODEL-CALIBRATION-0017-MEAN_PREDICTED,N-MODEL-CALIBRATION-0017-OBSERVED_RATE,N-MODEL-CALIBRATION-0017-OBSERVED_LOWER,N-MODEL-CALIBRATION-0017-OBSERVED_UPPER,N-MODEL-CALIBRATION-0017-SERVICE_CLUSTERS
same_referral_day_only,8,789,0.4778,0.5164,0.49622940430925216,0.0,0.0,0.0,24,service_cluster_percentile_bootstrap,invalidated_for_clinical_use_sensitivity_only,invalidated_sensitivity_only,outcome_proxy_and_feature_lineage_not_clinically_authorized,N-MODEL-CALIBRATION-0018-BIN,N-MODEL-CALIBRATION-0018-N,N-MODEL-CALIBRATION-0018-SCORE_MIN,N-MODEL-CALIBRATION-0018-SCORE_MAX,N-MODEL-CALIBRATION-0018-MEAN_PREDICTED,N-MODEL-CALIBRATION-0018-OBSERVED_RATE,N-MODEL-CALIBRATION-0018-OBSERVED_LOWER,N-MODEL-CALIBRATION-0018-OBSERVED_UPPER,N-MODEL-CALIBRATION-0018-SERVICE_CLUSTERS
same_referral_day_only,9,789,0.5164,0.5686,0.5408376425855513,0.0,0.0,0.0,24,service_cluster_percentile_bootstrap,invalidated_for_clinical_use_sensitivity_only,invalidated_sensitivity_only,outcome_proxy_and_feature_lineage_not_clinically_authorized,N-MODEL-CALIBRATION-0019-BIN,N-MODEL-CALIBRATION-0019-N,N-MODEL-CALIBRATION-0019-SCORE_MIN,N-MODEL-CALIBRATION-0019-SCORE_MAX,N-MODEL-CALIBRATION-0019-MEAN_PREDICTED,N-MODEL-CALIBRATION-0019-OBSERVED_RATE,N-MODEL-CALIBRATION-0019-OBSERVED_LOWER,N-MODEL-CALIBRATION-0019-OBSERVED_UPPER,N-MODEL-CALIBRATION-0019-SERVICE_CLUSTERS
same_referral_day_only,10,789,0.5687,0.7601,0.6168378960709759,0.0,0.0,0.0,24,service_cluster_percentile_bootstrap,invalidated_for_clinical_use_sensitivity_only,invalidated_sensitivity_only,outcome_proxy_and_feature_lineage_not_clinically_authorized,N-MODEL-CALIBRATION-0020-BIN,N-MODEL-CALIBRATION-0020-N,N-MODEL-CALIBRATION-0020-SCORE_MIN,N-MODEL-CALIBRATION-0020-SCORE_MAX,N-MODEL-CALIBRATION-0020-MEAN_PREDICTED,N-MODEL-CALIBRATION-0020-OBSERVED_RATE,N-MODEL-CALIBRATION-0020-OBSERVED_LOWER,N-MODEL-CALIBRATION-0020-OBSERVED_UPPER,N-MODEL-CALIBRATION-0020-SERVICE_CLUSTERS
