icc,risk_difference,simulated_power,simulated_power_lower,simulated_power_upper,monte_carlo_standard_error,successful_simulations,favorable_detections,simulations,independent_components,weeks,empirical_lower_critical_value,analysis,quantity_status,limitation,icc_number_id,risk_difference_number_id,simulated_power_number_id,simulated_power_lower_number_id,simulated_power_upper_number_id,monte_carlo_standard_error_number_id,successful_simulations_number_id,favorable_detections_number_id,simulations_number_id,independent_components_number_id,weeks_number_id,empirical_lower_critical_value_number_id
0.01,0.0,0.018,0.01302999144428223,0.024818042134845595,0.0029728773940409987,2000,36,2000,8,48,-2.461369731682615,two_way_fixed_effects_cluster_robust_statistic_empirically_calibrated_under_null,provisional_simulated_planning_only,normal_approximate_binomial_persistent_component_and_AR1_working_correlation_proxy_baseline_fixed_final_analysis_and_inferred_components,N-POWER-SCENARIOS-0001-ICC,N-POWER-SCENARIOS-0001-RISK_DIFFERENCE,N-POWER-SCENARIOS-0001-SIMULATED_POWER,N-POWER-SCENARIOS-0001-SIMULATED_POWER_LOWER,N-POWER-SCENARIOS-0001-SIMULATED_POWER_UPPER,N-POWER-SCENARIOS-0001-MONTE_CARLO_STANDARD_ERROR,N-POWER-SCENARIOS-0001-SUCCESSFUL_SIMULATIONS,N-POWER-SCENARIOS-0001-FAVORABLE_DETECTIONS,N-POWER-SCENARIOS-0001-SIMULATIONS,N-POWER-SCENARIOS-0001-INDEPENDENT_COMPONENTS,N-POWER-SCENARIOS-0001-WEEKS,N-POWER-SCENARIOS-0001-EMPIRICAL_LOWER_CRITICAL_VALUE
0.01,-0.01,0.192,0.17533496798776405,0.20984593313748773,0.008807269724494646,2000,384,2000,8,48,-2.461369731682615,two_way_fixed_effects_cluster_robust_statistic_empirically_calibrated_under_null,provisional_simulated_planning_only,normal_approximate_binomial_persistent_component_and_AR1_working_correlation_proxy_baseline_fixed_final_analysis_and_inferred_components,N-POWER-SCENARIOS-0002-ICC,N-POWER-SCENARIOS-0002-RISK_DIFFERENCE,N-POWER-SCENARIOS-0002-SIMULATED_POWER,N-POWER-SCENARIOS-0002-SIMULATED_POWER_LOWER,N-POWER-SCENARIOS-0002-SIMULATED_POWER_UPPER,N-POWER-SCENARIOS-0002-MONTE_CARLO_STANDARD_ERROR,N-POWER-SCENARIOS-0002-SUCCESSFUL_SIMULATIONS,N-POWER-SCENARIOS-0002-FAVORABLE_DETECTIONS,N-POWER-SCENARIOS-0002-SIMULATIONS,N-POWER-SCENARIOS-0002-INDEPENDENT_COMPONENTS,N-POWER-SCENARIOS-0002-WEEKS,N-POWER-SCENARIOS-0002-EMPIRICAL_LOWER_CRITICAL_VALUE
0.01,-0.02,0.5715,0.5496954397272684,0.5930304225115124,0.011065436051055557,2000,1143,2000,8,48,-2.461369731682615,two_way_fixed_effects_cluster_robust_statistic_empirically_calibrated_under_null,provisional_simulated_planning_only,normal_approximate_binomial_persistent_component_and_AR1_working_correlation_proxy_baseline_fixed_final_analysis_and_inferred_components,N-POWER-SCENARIOS-0003-ICC,N-POWER-SCENARIOS-0003-RISK_DIFFERENCE,N-POWER-SCENARIOS-0003-SIMULATED_POWER,N-POWER-SCENARIOS-0003-SIMULATED_POWER_LOWER,N-POWER-SCENARIOS-0003-SIMULATED_POWER_UPPER,N-POWER-SCENARIOS-0003-MONTE_CARLO_STANDARD_ERROR,N-POWER-SCENARIOS-0003-SUCCESSFUL_SIMULATIONS,N-POWER-SCENARIOS-0003-FAVORABLE_DETECTIONS,N-POWER-SCENARIOS-0003-SIMULATIONS,N-POWER-SCENARIOS-0003-INDEPENDENT_COMPONENTS,N-POWER-SCENARIOS-0003-WEEKS,N-POWER-SCENARIOS-0003-EMPIRICAL_LOWER_CRITICAL_VALUE
0.01,-0.03,0.8745,0.8592592943847576,0.8883048372015839,0.007407757757918383,2000,1749,2000,8,48,-2.461369731682615,two_way_fixed_effects_cluster_robust_statistic_empirically_calibrated_under_null,provisional_simulated_planning_only,normal_approximate_binomial_persistent_component_and_AR1_working_correlation_proxy_baseline_fixed_final_analysis_and_inferred_components,N-POWER-SCENARIOS-0004-ICC,N-POWER-SCENARIOS-0004-RISK_DIFFERENCE,N-POWER-SCENARIOS-0004-SIMULATED_POWER,N-POWER-SCENARIOS-0004-SIMULATED_POWER_LOWER,N-POWER-SCENARIOS-0004-SIMULATED_POWER_UPPER,N-POWER-SCENARIOS-0004-MONTE_CARLO_STANDARD_ERROR,N-POWER-SCENARIOS-0004-SUCCESSFUL_SIMULATIONS,N-POWER-SCENARIOS-0004-FAVORABLE_DETECTIONS,N-POWER-SCENARIOS-0004-SIMULATIONS,N-POWER-SCENARIOS-0004-INDEPENDENT_COMPONENTS,N-POWER-SCENARIOS-0004-WEEKS,N-POWER-SCENARIOS-0004-EMPIRICAL_LOWER_CRITICAL_VALUE
0.01,-0.04,0.9745,0.9666286379543997,0.9805520841756913,0.00352489361541593,2000,1949,2000,8,48,-2.461369731682615,two_way_fixed_effects_cluster_robust_statistic_empirically_calibrated_under_null,provisional_simulated_planning_only,normal_approximate_binomial_persistent_component_and_AR1_working_correlation_proxy_baseline_fixed_final_analysis_and_inferred_components,N-POWER-SCENARIOS-0005-ICC,N-POWER-SCENARIOS-0005-RISK_DIFFERENCE,N-POWER-SCENARIOS-0005-SIMULATED_POWER,N-POWER-SCENARIOS-0005-SIMULATED_POWER_LOWER,N-POWER-SCENARIOS-0005-SIMULATED_POWER_UPPER,N-POWER-SCENARIOS-0005-MONTE_CARLO_STANDARD_ERROR,N-POWER-SCENARIOS-0005-SUCCESSFUL_SIMULATIONS,N-POWER-SCENARIOS-0005-FAVORABLE_DETECTIONS,N-POWER-SCENARIOS-0005-SIMULATIONS,N-POWER-SCENARIOS-0005-INDEPENDENT_COMPONENTS,N-POWER-SCENARIOS-0005-WEEKS,N-POWER-SCENARIOS-0005-EMPIRICAL_LOWER_CRITICAL_VALUE
0.01,-0.05,0.9955,0.9914694867812403,0.9976307193630382,0.0014966211945579198,2000,1991,2000,8,48,-2.461369731682615,two_way_fixed_effects_cluster_robust_statistic_empirically_calibrated_under_null,provisional_simulated_planning_only,normal_approximate_binomial_persistent_component_and_AR1_working_correlation_proxy_baseline_fixed_final_analysis_and_inferred_components,N-POWER-SCENARIOS-0006-ICC,N-POWER-SCENARIOS-0006-RISK_DIFFERENCE,N-POWER-SCENARIOS-0006-SIMULATED_POWER,N-POWER-SCENARIOS-0006-SIMULATED_POWER_LOWER,N-POWER-SCENARIOS-0006-SIMULATED_POWER_UPPER,N-POWER-SCENARIOS-0006-MONTE_CARLO_STANDARD_ERROR,N-POWER-SCENARIOS-0006-SUCCESSFUL_SIMULATIONS,N-POWER-SCENARIOS-0006-FAVORABLE_DETECTIONS,N-POWER-SCENARIOS-0006-SIMULATIONS,N-POWER-SCENARIOS-0006-INDEPENDENT_COMPONENTS,N-POWER-SCENARIOS-0006-WEEKS,N-POWER-SCENARIOS-0006-EMPIRICAL_LOWER_CRITICAL_VALUE
0.01,-0.06,0.9995,0.9971731374967338,0.9999117322692944,0.000499874984371065,2000,1999,2000,8,48,-2.461369731682615,two_way_fixed_effects_cluster_robust_statistic_empirically_calibrated_under_null,provisional_simulated_planning_only,normal_approximate_binomial_persistent_component_and_AR1_working_correlation_proxy_baseline_fixed_final_analysis_and_inferred_components,N-POWER-SCENARIOS-0007-ICC,N-POWER-SCENARIOS-0007-RISK_DIFFERENCE,N-POWER-SCENARIOS-0007-SIMULATED_POWER,N-POWER-SCENARIOS-0007-SIMULATED_POWER_LOWER,N-POWER-SCENARIOS-0007-SIMULATED_POWER_UPPER,N-POWER-SCENARIOS-0007-MONTE_CARLO_STANDARD_ERROR,N-POWER-SCENARIOS-0007-SUCCESSFUL_SIMULATIONS,N-POWER-SCENARIOS-0007-FAVORABLE_DETECTIONS,N-POWER-SCENARIOS-0007-SIMULATIONS,N-POWER-SCENARIOS-0007-INDEPENDENT_COMPONENTS,N-POWER-SCENARIOS-0007-WEEKS,N-POWER-SCENARIOS-0007-EMPIRICAL_LOWER_CRITICAL_VALUE
0.01,-0.08,1.0,0.9980829527187469,0.9999999999999998,0.0,2000,2000,2000,8,48,-2.461369731682615,two_way_fixed_effects_cluster_robust_statistic_empirically_calibrated_under_null,provisional_simulated_planning_only,normal_approximate_binomial_persistent_component_and_AR1_working_correlation_proxy_baseline_fixed_final_analysis_and_inferred_components,N-POWER-SCENARIOS-0008-ICC,N-POWER-SCENARIOS-0008-RISK_DIFFERENCE,N-POWER-SCENARIOS-0008-SIMULATED_POWER,N-POWER-SCENARIOS-0008-SIMULATED_POWER_LOWER,N-POWER-SCENARIOS-0008-SIMULATED_POWER_UPPER,N-POWER-SCENARIOS-0008-MONTE_CARLO_STANDARD_ERROR,N-POWER-SCENARIOS-0008-SUCCESSFUL_SIMULATIONS,N-POWER-SCENARIOS-0008-FAVORABLE_DETECTIONS,N-POWER-SCENARIOS-0008-SIMULATIONS,N-POWER-SCENARIOS-0008-INDEPENDENT_COMPONENTS,N-POWER-SCENARIOS-0008-WEEKS,N-POWER-SCENARIOS-0008-EMPIRICAL_LOWER_CRITICAL_VALUE
0.01,-0.1,1.0,0.9980829527187469,0.9999999999999998,0.0,2000,2000,2000,8,48,-2.461369731682615,two_way_fixed_effects_cluster_robust_statistic_empirically_calibrated_under_null,provisional_simulated_planning_only,normal_approximate_binomial_persistent_component_and_AR1_working_correlation_proxy_baseline_fixed_final_analysis_and_inferred_components,N-POWER-SCENARIOS-0009-ICC,N-POWER-SCENARIOS-0009-RISK_DIFFERENCE,N-POWER-SCENARIOS-0009-SIMULATED_POWER,N-POWER-SCENARIOS-0009-SIMULATED_POWER_LOWER,N-POWER-SCENARIOS-0009-SIMULATED_POWER_UPPER,N-POWER-SCENARIOS-0009-MONTE_CARLO_STANDARD_ERROR,N-POWER-SCENARIOS-0009-SUCCESSFUL_SIMULATIONS,N-POWER-SCENARIOS-0009-FAVORABLE_DETECTIONS,N-POWER-SCENARIOS-0009-SIMULATIONS,N-POWER-SCENARIOS-0009-INDEPENDENT_COMPONENTS,N-POWER-SCENARIOS-0009-WEEKS,N-POWER-SCENARIOS-0009-EMPIRICAL_LOWER_CRITICAL_VALUE
0.03,0.0,0.019,0.013873784918301425,0.025970414566263898,0.003052785613173647,2000,38,2000,8,48,-2.5458951940273438,two_way_fixed_effects_cluster_robust_statistic_empirically_calibrated_under_null,provisional_simulated_planning_only,normal_approximate_binomial_persistent_component_and_AR1_working_correlation_proxy_baseline_fixed_final_analysis_and_inferred_components,N-POWER-SCENARIOS-0010-ICC,N-POWER-SCENARIOS-0010-RISK_DIFFERENCE,N-POWER-SCENARIOS-0010-SIMULATED_POWER,N-POWER-SCENARIOS-0010-SIMULATED_POWER_LOWER,N-POWER-SCENARIOS-0010-SIMULATED_POWER_UPPER,N-POWER-SCENARIOS-0010-MONTE_CARLO_STANDARD_ERROR,N-POWER-SCENARIOS-0010-SUCCESSFUL_SIMULATIONS,N-POWER-SCENARIOS-0010-FAVORABLE_DETECTIONS,N-POWER-SCENARIOS-0010-SIMULATIONS,N-POWER-SCENARIOS-0010-INDEPENDENT_COMPONENTS,N-POWER-SCENARIOS-0010-WEEKS,N-POWER-SCENARIOS-0010-EMPIRICAL_LOWER_CRITICAL_VALUE
0.03,-0.01,0.1745,0.15849452035891382,0.19175347742118176,0.008486747021091178,2000,349,2000,8,48,-2.5458951940273438,two_way_fixed_effects_cluster_robust_statistic_empirically_calibrated_under_null,provisional_simulated_planning_only,normal_approximate_binomial_persistent_component_and_AR1_working_correlation_proxy_baseline_fixed_final_analysis_and_inferred_components,N-POWER-SCENARIOS-0011-ICC,N-POWER-SCENARIOS-0011-RISK_DIFFERENCE,N-POWER-SCENARIOS-0011-SIMULATED_POWER,N-POWER-SCENARIOS-0011-SIMULATED_POWER_LOWER,N-POWER-SCENARIOS-0011-SIMULATED_POWER_UPPER,N-POWER-SCENARIOS-0011-MONTE_CARLO_STANDARD_ERROR,N-POWER-SCENARIOS-0011-SUCCESSFUL_SIMULATIONS,N-POWER-SCENARIOS-0011-FAVORABLE_DETECTIONS,N-POWER-SCENARIOS-0011-SIMULATIONS,N-POWER-SCENARIOS-0011-INDEPENDENT_COMPONENTS,N-POWER-SCENARIOS-0011-WEEKS,N-POWER-SCENARIOS-0011-EMPIRICAL_LOWER_CRITICAL_VALUE
0.03,-0.02,0.511,0.48909215158945685,0.5328656733703556,0.01117763391778421,2000,1022,2000,8,48,-2.5458951940273438,two_way_fixed_effects_cluster_robust_statistic_empirically_calibrated_under_null,provisional_simulated_planning_only,normal_approximate_binomial_persistent_component_and_AR1_working_correlation_proxy_baseline_fixed_final_analysis_and_inferred_components,N-POWER-SCENARIOS-0012-ICC,N-POWER-SCENARIOS-0012-RISK_DIFFERENCE,N-POWER-SCENARIOS-0012-SIMULATED_POWER,N-POWER-SCENARIOS-0012-SIMULATED_POWER_LOWER,N-POWER-SCENARIOS-0012-SIMULATED_POWER_UPPER,N-POWER-SCENARIOS-0012-MONTE_CARLO_STANDARD_ERROR,N-POWER-SCENARIOS-0012-SUCCESSFUL_SIMULATIONS,N-POWER-SCENARIOS-0012-FAVORABLE_DETECTIONS,N-POWER-SCENARIOS-0012-SIMULATIONS,N-POWER-SCENARIOS-0012-INDEPENDENT_COMPONENTS,N-POWER-SCENARIOS-0012-WEEKS,N-POWER-SCENARIOS-0012-EMPIRICAL_LOWER_CRITICAL_VALUE
0.03,-0.03,0.8,0.7819018061397925,0.8169479654914557,0.008944271909999158,2000,1600,2000,8,48,-2.5458951940273438,two_way_fixed_effects_cluster_robust_statistic_empirically_calibrated_under_null,provisional_simulated_planning_only,normal_approximate_binomial_persistent_component_and_AR1_working_correlation_proxy_baseline_fixed_final_analysis_and_inferred_components,N-POWER-SCENARIOS-0013-ICC,N-POWER-SCENARIOS-0013-RISK_DIFFERENCE,N-POWER-SCENARIOS-0013-SIMULATED_POWER,N-POWER-SCENARIOS-0013-SIMULATED_POWER_LOWER,N-POWER-SCENARIOS-0013-SIMULATED_POWER_UPPER,N-POWER-SCENARIOS-0013-MONTE_CARLO_STANDARD_ERROR,N-POWER-SCENARIOS-0013-SUCCESSFUL_SIMULATIONS,N-POWER-SCENARIOS-0013-FAVORABLE_DETECTIONS,N-POWER-SCENARIOS-0013-SIMULATIONS,N-POWER-SCENARIOS-0013-INDEPENDENT_COMPONENTS,N-POWER-SCENARIOS-0013-WEEKS,N-POWER-SCENARIOS-0013-EMPIRICAL_LOWER_CRITICAL_VALUE
0.03,-0.04,0.932,0.9201183001757066,0.942225370973291,0.005629209535982825,2000,1864,2000,8,48,-2.5458951940273438,two_way_fixed_effects_cluster_robust_statistic_empirically_calibrated_under_null,provisional_simulated_planning_only,normal_approximate_binomial_persistent_component_and_AR1_working_correlation_proxy_baseline_fixed_final_analysis_and_inferred_components,N-POWER-SCENARIOS-0014-ICC,N-POWER-SCENARIOS-0014-RISK_DIFFERENCE,N-POWER-SCENARIOS-0014-SIMULATED_POWER,N-POWER-SCENARIOS-0014-SIMULATED_POWER_LOWER,N-POWER-SCENARIOS-0014-SIMULATED_POWER_UPPER,N-POWER-SCENARIOS-0014-MONTE_CARLO_STANDARD_ERROR,N-POWER-SCENARIOS-0014-SUCCESSFUL_SIMULATIONS,N-POWER-SCENARIOS-0014-FAVORABLE_DETECTIONS,N-POWER-SCENARIOS-0014-SIMULATIONS,N-POWER-SCENARIOS-0014-INDEPENDENT_COMPONENTS,N-POWER-SCENARIOS-0014-WEEKS,N-POWER-SCENARIOS-0014-EMPIRICAL_LOWER_CRITICAL_VALUE
0.03,-0.05,0.972,0.9638155173143411,0.9783747900521559,0.0036889022757454573,2000,1944,2000,8,48,-2.5458951940273438,two_way_fixed_effects_cluster_robust_statistic_empirically_calibrated_under_null,provisional_simulated_planning_only,normal_approximate_binomial_persistent_component_and_AR1_working_correlation_proxy_baseline_fixed_final_analysis_and_inferred_components,N-POWER-SCENARIOS-0015-ICC,N-POWER-SCENARIOS-0015-RISK_DIFFERENCE,N-POWER-SCENARIOS-0015-SIMULATED_POWER,N-POWER-SCENARIOS-0015-SIMULATED_POWER_LOWER,N-POWER-SCENARIOS-0015-SIMULATED_POWER_UPPER,N-POWER-SCENARIOS-0015-MONTE_CARLO_STANDARD_ERROR,N-POWER-SCENARIOS-0015-SUCCESSFUL_SIMULATIONS,N-POWER-SCENARIOS-0015-FAVORABLE_DETECTIONS,N-POWER-SCENARIOS-0015-SIMULATIONS,N-POWER-SCENARIOS-0015-INDEPENDENT_COMPONENTS,N-POWER-SCENARIOS-0015-WEEKS,N-POWER-SCENARIOS-0015-EMPIRICAL_LOWER_CRITICAL_VALUE
0.03,-0.06,0.9895,0.9840010980925269,0.9931221126191265,0.0022792268425937726,2000,1979,2000,8,48,-2.5458951940273438,two_way_fixed_effects_cluster_robust_statistic_empirically_calibrated_under_null,provisional_simulated_planning_only,normal_approximate_binomial_persistent_component_and_AR1_working_correlation_proxy_baseline_fixed_final_analysis_and_inferred_components,N-POWER-SCENARIOS-0016-ICC,N-POWER-SCENARIOS-0016-RISK_DIFFERENCE,N-POWER-SCENARIOS-0016-SIMULATED_POWER,N-POWER-SCENARIOS-0016-SIMULATED_POWER_LOWER,N-POWER-SCENARIOS-0016-SIMULATED_POWER_UPPER,N-POWER-SCENARIOS-0016-MONTE_CARLO_STANDARD_ERROR,N-POWER-SCENARIOS-0016-SUCCESSFUL_SIMULATIONS,N-POWER-SCENARIOS-0016-FAVORABLE_DETECTIONS,N-POWER-SCENARIOS-0016-SIMULATIONS,N-POWER-SCENARIOS-0016-INDEPENDENT_COMPONENTS,N-POWER-SCENARIOS-0016-WEEKS,N-POWER-SCENARIOS-0016-EMPIRICAL_LOWER_CRITICAL_VALUE
0.03,-0.08,0.9965,0.9927928037467583,0.9983035683029576,0.0013205585939290896,2000,1993,2000,8,48,-2.5458951940273438,two_way_fixed_effects_cluster_robust_statistic_empirically_calibrated_under_null,provisional_simulated_planning_only,normal_approximate_binomial_persistent_component_and_AR1_working_correlation_proxy_baseline_fixed_final_analysis_and_inferred_components,N-POWER-SCENARIOS-0017-ICC,N-POWER-SCENARIOS-0017-RISK_DIFFERENCE,N-POWER-SCENARIOS-0017-SIMULATED_POWER,N-POWER-SCENARIOS-0017-SIMULATED_POWER_LOWER,N-POWER-SCENARIOS-0017-SIMULATED_POWER_UPPER,N-POWER-SCENARIOS-0017-MONTE_CARLO_STANDARD_ERROR,N-POWER-SCENARIOS-0017-SUCCESSFUL_SIMULATIONS,N-POWER-SCENARIOS-0017-FAVORABLE_DETECTIONS,N-POWER-SCENARIOS-0017-SIMULATIONS,N-POWER-SCENARIOS-0017-INDEPENDENT_COMPONENTS,N-POWER-SCENARIOS-0017-WEEKS,N-POWER-SCENARIOS-0017-EMPIRICAL_LOWER_CRITICAL_VALUE
0.03,-0.1,0.9975,0.9941608466835673,0.9989316912715861,0.001116635571706353,2000,1995,2000,8,48,-2.5458951940273438,two_way_fixed_effects_cluster_robust_statistic_empirically_calibrated_under_null,provisional_simulated_planning_only,normal_approximate_binomial_persistent_component_and_AR1_working_correlation_proxy_baseline_fixed_final_analysis_and_inferred_components,N-POWER-SCENARIOS-0018-ICC,N-POWER-SCENARIOS-0018-RISK_DIFFERENCE,N-POWER-SCENARIOS-0018-SIMULATED_POWER,N-POWER-SCENARIOS-0018-SIMULATED_POWER_LOWER,N-POWER-SCENARIOS-0018-SIMULATED_POWER_UPPER,N-POWER-SCENARIOS-0018-MONTE_CARLO_STANDARD_ERROR,N-POWER-SCENARIOS-0018-SUCCESSFUL_SIMULATIONS,N-POWER-SCENARIOS-0018-FAVORABLE_DETECTIONS,N-POWER-SCENARIOS-0018-SIMULATIONS,N-POWER-SCENARIOS-0018-INDEPENDENT_COMPONENTS,N-POWER-SCENARIOS-0018-WEEKS,N-POWER-SCENARIOS-0018-EMPIRICAL_LOWER_CRITICAL_VALUE
0.05,0.0,0.019,0.013873784918301425,0.025970414566263898,0.003052785613173647,2000,38,2000,8,48,-2.72033394525442,two_way_fixed_effects_cluster_robust_statistic_empirically_calibrated_under_null,provisional_simulated_planning_only,normal_approximate_binomial_persistent_component_and_AR1_working_correlation_proxy_baseline_fixed_final_analysis_and_inferred_components,N-POWER-SCENARIOS-0019-ICC,N-POWER-SCENARIOS-0019-RISK_DIFFERENCE,N-POWER-SCENARIOS-0019-SIMULATED_POWER,N-POWER-SCENARIOS-0019-SIMULATED_POWER_LOWER,N-POWER-SCENARIOS-0019-SIMULATED_POWER_UPPER,N-POWER-SCENARIOS-0019-MONTE_CARLO_STANDARD_ERROR,N-POWER-SCENARIOS-0019-SUCCESSFUL_SIMULATIONS,N-POWER-SCENARIOS-0019-FAVORABLE_DETECTIONS,N-POWER-SCENARIOS-0019-SIMULATIONS,N-POWER-SCENARIOS-0019-INDEPENDENT_COMPONENTS,N-POWER-SCENARIOS-0019-WEEKS,N-POWER-SCENARIOS-0019-EMPIRICAL_LOWER_CRITICAL_VALUE
0.05,-0.01,0.1285,0.11454272443866984,0.14388164169130105,0.007482905518580333,2000,257,2000,8,48,-2.72033394525442,two_way_fixed_effects_cluster_robust_statistic_empirically_calibrated_under_null,provisional_simulated_planning_only,normal_approximate_binomial_persistent_component_and_AR1_working_correlation_proxy_baseline_fixed_final_analysis_and_inferred_components,N-POWER-SCENARIOS-0020-ICC,N-POWER-SCENARIOS-0020-RISK_DIFFERENCE,N-POWER-SCENARIOS-0020-SIMULATED_POWER,N-POWER-SCENARIOS-0020-SIMULATED_POWER_LOWER,N-POWER-SCENARIOS-0020-SIMULATED_POWER_UPPER,N-POWER-SCENARIOS-0020-MONTE_CARLO_STANDARD_ERROR,N-POWER-SCENARIOS-0020-SUCCESSFUL_SIMULATIONS,N-POWER-SCENARIOS-0020-FAVORABLE_DETECTIONS,N-POWER-SCENARIOS-0020-SIMULATIONS,N-POWER-SCENARIOS-0020-INDEPENDENT_COMPONENTS,N-POWER-SCENARIOS-0020-WEEKS,N-POWER-SCENARIOS-0020-EMPIRICAL_LOWER_CRITICAL_VALUE
0.05,-0.02,0.4075,0.38616243599921474,0.4291922177478169,0.01098735068157925,2000,815,2000,8,48,-2.72033394525442,two_way_fixed_effects_cluster_robust_statistic_empirically_calibrated_under_null,provisional_simulated_planning_only,normal_approximate_binomial_persistent_component_and_AR1_working_correlation_proxy_baseline_fixed_final_analysis_and_inferred_components,N-POWER-SCENARIOS-0021-ICC,N-POWER-SCENARIOS-0021-RISK_DIFFERENCE,N-POWER-SCENARIOS-0021-SIMULATED_POWER,N-POWER-SCENARIOS-0021-SIMULATED_POWER_LOWER,N-POWER-SCENARIOS-0021-SIMULATED_POWER_UPPER,N-POWER-SCENARIOS-0021-MONTE_CARLO_STANDARD_ERROR,N-POWER-SCENARIOS-0021-SUCCESSFUL_SIMULATIONS,N-POWER-SCENARIOS-0021-FAVORABLE_DETECTIONS,N-POWER-SCENARIOS-0021-SIMULATIONS,N-POWER-SCENARIOS-0021-INDEPENDENT_COMPONENTS,N-POWER-SCENARIOS-0021-WEEKS,N-POWER-SCENARIOS-0021-EMPIRICAL_LOWER_CRITICAL_VALUE
0.05,-0.03,0.681,0.6602427759988633,0.7010632528853232,0.010422067932996791,2000,1362,2000,8,48,-2.72033394525442,two_way_fixed_effects_cluster_robust_statistic_empirically_calibrated_under_null,provisional_simulated_planning_only,normal_approximate_binomial_persistent_component_and_AR1_working_correlation_proxy_baseline_fixed_final_analysis_and_inferred_components,N-POWER-SCENARIOS-0022-ICC,N-POWER-SCENARIOS-0022-RISK_DIFFERENCE,N-POWER-SCENARIOS-0022-SIMULATED_POWER,N-POWER-SCENARIOS-0022-SIMULATED_POWER_LOWER,N-POWER-SCENARIOS-0022-SIMULATED_POWER_UPPER,N-POWER-SCENARIOS-0022-MONTE_CARLO_STANDARD_ERROR,N-POWER-SCENARIOS-0022-SUCCESSFUL_SIMULATIONS,N-POWER-SCENARIOS-0022-FAVORABLE_DETECTIONS,N-POWER-SCENARIOS-0022-SIMULATIONS,N-POWER-SCENARIOS-0022-INDEPENDENT_COMPONENTS,N-POWER-SCENARIOS-0022-WEEKS,N-POWER-SCENARIOS-0022-EMPIRICAL_LOWER_CRITICAL_VALUE
0.05,-0.04,0.8515,0.8352421796157717,0.8664101361455075,0.007951344225978397,2000,1703,2000,8,48,-2.72033394525442,two_way_fixed_effects_cluster_robust_statistic_empirically_calibrated_under_null,provisional_simulated_planning_only,normal_approximate_binomial_persistent_component_and_AR1_working_correlation_proxy_baseline_fixed_final_analysis_and_inferred_components,N-POWER-SCENARIOS-0023-ICC,N-POWER-SCENARIOS-0023-RISK_DIFFERENCE,N-POWER-SCENARIOS-0023-SIMULATED_POWER,N-POWER-SCENARIOS-0023-SIMULATED_POWER_LOWER,N-POWER-SCENARIOS-0023-SIMULATED_POWER_UPPER,N-POWER-SCENARIOS-0023-MONTE_CARLO_STANDARD_ERROR,N-POWER-SCENARIOS-0023-SUCCESSFUL_SIMULATIONS,N-POWER-SCENARIOS-0023-FAVORABLE_DETECTIONS,N-POWER-SCENARIOS-0023-SIMULATIONS,N-POWER-SCENARIOS-0023-INDEPENDENT_COMPONENTS,N-POWER-SCENARIOS-0023-WEEKS,N-POWER-SCENARIOS-0023-EMPIRICAL_LOWER_CRITICAL_VALUE
0.05,-0.05,0.9185,0.9056914879040412,0.92970394352155,0.006117914268768402,2000,1837,2000,8,48,-2.72033394525442,two_way_fixed_effects_cluster_robust_statistic_empirically_calibrated_under_null,provisional_simulated_planning_only,normal_approximate_binomial_persistent_component_and_AR1_working_correlation_proxy_baseline_fixed_final_analysis_and_inferred_components,N-POWER-SCENARIOS-0024-ICC,N-POWER-SCENARIOS-0024-RISK_DIFFERENCE,N-POWER-SCENARIOS-0024-SIMULATED_POWER,N-POWER-SCENARIOS-0024-SIMULATED_POWER_LOWER,N-POWER-SCENARIOS-0024-SIMULATED_POWER_UPPER,N-POWER-SCENARIOS-0024-MONTE_CARLO_STANDARD_ERROR,N-POWER-SCENARIOS-0024-SUCCESSFUL_SIMULATIONS,N-POWER-SCENARIOS-0024-FAVORABLE_DETECTIONS,N-POWER-SCENARIOS-0024-SIMULATIONS,N-POWER-SCENARIOS-0024-INDEPENDENT_COMPONENTS,N-POWER-SCENARIOS-0024-WEEKS,N-POWER-SCENARIOS-0024-EMPIRICAL_LOWER_CRITICAL_VALUE
0.05,-0.06,0.947,0.9362966169363569,0.9559895427942029,0.005009540897128201,2000,1894,2000,8,48,-2.72033394525442,two_way_fixed_effects_cluster_robust_statistic_empirically_calibrated_under_null,provisional_simulated_planning_only,normal_approximate_binomial_persistent_component_and_AR1_working_correlation_proxy_baseline_fixed_final_analysis_and_inferred_components,N-POWER-SCENARIOS-0025-ICC,N-POWER-SCENARIOS-0025-RISK_DIFFERENCE,N-POWER-SCENARIOS-0025-SIMULATED_POWER,N-POWER-SCENARIOS-0025-SIMULATED_POWER_LOWER,N-POWER-SCENARIOS-0025-SIMULATED_POWER_UPPER,N-POWER-SCENARIOS-0025-MONTE_CARLO_STANDARD_ERROR,N-POWER-SCENARIOS-0025-SUCCESSFUL_SIMULATIONS,N-POWER-SCENARIOS-0025-FAVORABLE_DETECTIONS,N-POWER-SCENARIOS-0025-SIMULATIONS,N-POWER-SCENARIOS-0025-INDEPENDENT_COMPONENTS,N-POWER-SCENARIOS-0025-WEEKS,N-POWER-SCENARIOS-0025-EMPIRICAL_LOWER_CRITICAL_VALUE
0.05,-0.08,0.9695,0.9610172880930726,0.9761826045098309,0.0038451105315712303,2000,1939,2000,8,48,-2.72033394525442,two_way_fixed_effects_cluster_robust_statistic_empirically_calibrated_under_null,provisional_simulated_planning_only,normal_approximate_binomial_persistent_component_and_AR1_working_correlation_proxy_baseline_fixed_final_analysis_and_inferred_components,N-POWER-SCENARIOS-0026-ICC,N-POWER-SCENARIOS-0026-RISK_DIFFERENCE,N-POWER-SCENARIOS-0026-SIMULATED_POWER,N-POWER-SCENARIOS-0026-SIMULATED_POWER_LOWER,N-POWER-SCENARIOS-0026-SIMULATED_POWER_UPPER,N-POWER-SCENARIOS-0026-MONTE_CARLO_STANDARD_ERROR,N-POWER-SCENARIOS-0026-SUCCESSFUL_SIMULATIONS,N-POWER-SCENARIOS-0026-FAVORABLE_DETECTIONS,N-POWER-SCENARIOS-0026-SIMULATIONS,N-POWER-SCENARIOS-0026-INDEPENDENT_COMPONENTS,N-POWER-SCENARIOS-0026-WEEKS,N-POWER-SCENARIOS-0026-EMPIRICAL_LOWER_CRITICAL_VALUE
0.05,-0.1,0.9735,0.9655014766396225,0.979683079585031,0.00359150038284837,2000,1947,2000,8,48,-2.72033394525442,two_way_fixed_effects_cluster_robust_statistic_empirically_calibrated_under_null,provisional_simulated_planning_only,normal_approximate_binomial_persistent_component_and_AR1_working_correlation_proxy_baseline_fixed_final_analysis_and_inferred_components,N-POWER-SCENARIOS-0027-ICC,N-POWER-SCENARIOS-0027-RISK_DIFFERENCE,N-POWER-SCENARIOS-0027-SIMULATED_POWER,N-POWER-SCENARIOS-0027-SIMULATED_POWER_LOWER,N-POWER-SCENARIOS-0027-SIMULATED_POWER_UPPER,N-POWER-SCENARIOS-0027-MONTE_CARLO_STANDARD_ERROR,N-POWER-SCENARIOS-0027-SUCCESSFUL_SIMULATIONS,N-POWER-SCENARIOS-0027-FAVORABLE_DETECTIONS,N-POWER-SCENARIOS-0027-SIMULATIONS,N-POWER-SCENARIOS-0027-INDEPENDENT_COMPONENTS,N-POWER-SCENARIOS-0027-WEEKS,N-POWER-SCENARIOS-0027-EMPIRICAL_LOWER_CRITICAL_VALUE
